state,year,Bodycam_Policy,kills_per_million,treatment,dem_majority,dem_governor,total crimes_per_population,violent_crime_per_population,homicide_per_population,rape_revised_per_population,robbery_per_population,property_crime_per_population,burglary_per_population,larceny_per_population,motor_vehicle_theft_per_population
AK,2013,0.0,5.43,0,0,0,0.07120564144,0.006387171944,4.611676494e-05,0.001254647281,0.0008450218987,0.02877007944,0.003956547156,0.02251447592,0.00229905637
AK,2014,0.0,2.72,0,0,0,0.06863750702,0.006355098596,5.562746423e-05,0.001046067681,0.0008534067073,0.02758850872,0.004273817374,0.02095527281,0.002359418544
AK,2015,0.0,5.42,0,0,0,0.07190097993,0.007307759564,7.997733524e-05,0.001219993249,0.00103157207,0.02820353283,0.004759329221,0.02067075229,0.00277345132
AK,2016,0.0,9.44,0,0,0,0.08420249163,0.008045614291,7.012603807e-05,0.001420052271,0.001146291007,0.03354721775,0.005465785236,0.02395883062,0.004122601892
AK,2017,0.0,10.82,0,0,0,0.0879740898,0.008567342448,8.380802016e-05,0.001451771188,0.001286858632,0.03541970245,0.00563271,0.02403668088,0.005750311577
AK,2018,0.0,10.88,0,0,0,0.08406573451,0.008916681063,6.393348741e-05,0.001648667803,0.001218817122,0.03311618619,0.00542074356,0.02225973591,0.005435706717
AK,2019,0.0,9.57,0,0,0,0.07535138215,0.008650455355,9.405632202e-05,0.001502174882,0.001125949594,0.02902523572,0.004850034692,0.02060787647,0.003567324561
AK,2020,0.0,12.28,0,0,0,0.06196745437,0.008378490012,6.701697855e-05,0.001548228974,0.0009737977291,0.02260523717,0.003795349295,0.01611689949,0.002692988383
AK,2021,0.0,10.89,0,0,0,0.05183728285,0.007590760874,6.129270399e-05,0.001590886184,0.0007355124479,0.01832788055,0.003149082925,0.01274207213,0.002436725499
AK,2022,0.0,10.91,0,0,0,0.05163151273,0.007670570338,9.542205858e-05,0.001383619849,0.0007565606073,0.01814518603,0.002739976254,0.01292559942,0.002479610351
AK,2023,0.0,9.54,0,0,0,0.05207483986,0.007263371175,8.453707769e-05,0.001183519088,0.0007744687117,0.01877404875,0.002495207293,0.01357910898,0.002699732481
AL,2013,0.0,4.35,0,0,0,0.07587656258,0.004309891858,7.157639353e-05,0.0004251141292,0.0009609027397,0.03347851343,0.008773279912,0.02252008483,0.002185148684
AL,2014,0.0,3.72,0,0,0,0.07243566425,0.004276773059,5.694935902e-05,0.0004137082059,0.0009702024859,0.03179404306,0.008196374596,0.02150519219,0.002092476267
AL,2015,0.0,3.71,0,0,0,0.069415261,0.004729623239,7.1695295e-05,0.0004196647009,0.0009501686797,0.02982874507,0.007265329247,0.02043357112,0.002129844712
AL,2016,0.0,5.14,0,0,0,0.069879818,0.005324094315,8.373546588e-05,0.0003939887399,0.0009642951562,0.0294738553,0.007004358565,0.02005906745,0.002410429283
AL,2017,0.0,5.33,0,0,0,0.06943131656,0.005224281659,8.594660234e-05,0.000410451435,0.0008682863191,0.02949137662,0.006414201086,0.02045221451,0.002624961027
AL,2018,0.0,3.27,0,0,0,0.06721756187,0.005230906027,7.836026942e-05,0.0004157390795,0.000828000027,0.02837787491,0.005953948304,0.01970832385,0.002715602757
AL,2019,0.0,3.06,0,0,0,0.06254934581,0.005046694506,7.946266935e-05,0.0004317471702,0.0007991092031,0.0262279784,0.005054029521,0.01858713336,0.002586815513
AL,2020,0.0,4.17,0,0,0,0.05180622619,0.004535579572,9.570190745e-05,0.0003267275312,0.0005417012426,0.02136753352,0.003994691084,0.01515280201,0.002220040426
AL,2021,0.0,5.35,0,0,0,0.03638170352,0.003483274539,9.426030022e-05,0.000271097376,0.00031090057,0.01470757722,0.002689983021,0.01009575342,0.001921840785
AL,2022,0.0,4.93,0,0,0,0.04546246415,0.004381297425,0.0001158781435,0.0003273360482,0.0003716771745,0.01834993465,0.002933608918,0.01321602051,0.002200305225
AL,2023,0.0,6.46,0,0,0,0.04205879336,0.004039371491,0.0001025747837,0.0002963706536,0.000358620236,0.01699002519,0.002546556032,0.01239765033,0.002045818825
AR,2013,0.0,5.41,0,0,0,0.08162155494,0.004632000176,5.340065872e-05,0.0005035884905,0.0007641701859,0.0359869743,0.01026407978,0.02380385059,0.001919043925
AR,2014,0.0,2.36,0,0,0,0.07708248015,0.004802424132,5.898541712e-05,0.0006121000999,0.0006865902553,0.03352124402,0.008364469207,0.02325744438,0.001899330431
AR,2015,0.0,1.68,0,0,0,0.07647959788,0.005295425933,6.346854596e-05,0.0006743113243,0.0007109148773,0.03270510667,0.007673649438,0.02307702899,0.001954428241
AR,2016,0.0,6.35,0,0,0,0.07727314254,0.005542744185,7.261821459e-05,0.0007409065765,0.0007111230691,0.03282611016,0.00796926342,0.02245174486,0.002405101881
AR,2017,0.0,5.0,0,0,0,0.07420253833,0.005659679314,8.291716575e-05,0.0007126214245,0.00066533533,0.03144158985,0.00744889189,0.02157677813,0.002415919829
AR,2018,0.0,6.98,0,0,0,0.07049196723,0.005616445047,7.376069572e-05,0.0007778098589,0.0005292828301,0.02962953857,0.006485625137,0.02071612332,0.002427790106
AR,2019,0.0,6.96,0,0,0,0.06857101243,0.005808370449,7.845123362e-05,0.0008010632294,0.0005216841527,0.02847713577,0.005861002289,0.02014011986,0.002476013618
AR,2020,0.0,4.64,0,0,0,0.06570683202,0.006719304463,0.0001059223461,0.0007345269231,0.0005203723979,0.02613411155,0.005231441976,0.01828496873,0.002617700845
AR,2021,0.0,4.62,0,0,0,0.06462817548,0.007024485803,0.0001102993869,0.0008127149435,0.0004233647125,0.02528960194,0.004841944941,0.01764658095,0.002801076046
AR,2022,0.0,4.92,0,0,0,0.0624309463,0.006532295214,0.0001027699624,0.0007962209548,0.0003979463081,0.02468317794,0.004670944042,0.01748763887,0.002524595019
AR,2023,0.0,7.5,0,0,0,0.05697629389,0.006198716185,9.420640395e-05,0.000723335676,0.0003761736684,0.02228943076,0.004080538978,0.01602682373,0.002182068055
AZ,2013,0.0,8.14,0,0,0,0.07597350835,0.004156143552,5.350416888e-05,0.0004783724846,0.001003165487,0.03365397151,0.007278375559,0.02381854883,0.002557047125
AZ,2014,0.0,6.54,0,0,0,0.07163435052,0.003926713048,4.621935348e-05,0.0004862692109,0.0009251301461,0.03171539341,0.006451686731,0.02269102749,0.00257267919
AZ,2015,0.0,6.3,0,0,0,0.06931683086,0.004102344459,4.488406051e-05,0.000456027922,0.0009328843949,0.03038973592,0.005575304379,0.02235226213,0.002462169411
AZ,2016,0.0,7.2,0,0,0,0.06979360054,0.004710332363,5.630629001e-05,0.0004782415994,0.001019737309,0.03000835765,0.005531622568,0.0218013902,0.00267534488
AZ,2017,0.0,6.81,0,0,0,0.06827925474,0.005057118326,5.986770089e-05,0.0005138407882,0.001055487428,0.02908250904,0.0053514915,0.0210318638,0.002699153737
AZ,2018,0.0,9.36,0,0,0,0.06336469394,0.0047573185,5.350638668e-05,0.0005036306109,0.0009093291668,0.02692502847,0.004440750688,0.01980839964,0.002675878147
AZ,2019,0.0,5.08,0,0,0,0.05766196557,0.004471160446,5.444439766e-05,0.0005005593236,0.0008646648042,0.02435982234,0.004000360403,0.01788669888,0.002472763059
AZ,2020,0.0,6.82,0,0,0,0.0542493257,0.004848141207,6.912441465e-05,0.0004396743957,0.0008369039754,0.02227652164,0.003299646522,0.01655994603,0.002416929095
AZ,2021,0.0,5.78,0,0,0,0.05080966959,0.004256369378,6.67595611e-05,0.0004568556357,0.0007252703659,0.02114846542,0.002851665624,0.01587156947,0.002425230324
AZ,2022,0.0,7.87,0,0,0,0.05012720817,0.004461763967,7.025222996e-05,0.0004724700263,0.0007061911782,0.02060184012,0.002691054472,0.01540562102,0.002505164626
AZ,2023,0.0,7.54,0,0,1,0.04411449665,0.004088493279,5.947780105e-05,0.0004054448294,0.000606081484,0.01796875505,0.002349776837,0.01286483306,0.002754145145
CA,2013,0.0,4.91,0,1,1,0.06127167964,0.004026369796,4.543160848e-05,0.0002686345509,0.001395733951,0.02651236191,0.006038240664,0.01617315823,0.004300963017
CA,2014,0.0,4.33,0,1,1,0.05697784129,0.003963751458,4.382314002e-05,0.0002984613618,0.001254914282,0.02441704204,0.005224465861,0.01527811286,0.003914463314
CA,2015,0.0,5.14,0,1,1,0.06136684316,0.004279716284,4.772536451e-05,0.0003285382293,0.001355646544,0.02628393027,0.005062427649,0.01683638535,0.004385117277
CA,2016,0.0,4.01,0,1,1,0.06015460521,0.00444813423,4.911381876e-05,0.0003486826656,0.001394247158,0.02550025096,0.004791880066,0.01621035942,0.004498011476
CA,2017,0.0,4.65,0,1,1,0.05917153606,0.00453299368,4.644746795e-05,0.0003737117585,0.001437206488,0.02505277435,0.004484312672,0.01629516772,0.004273293957
CA,2018,0.0,3.6,0,1,1,0.05667526608,0.004475339411,4.40681708e-05,0.0003929390779,0.001376731215,0.02386229363,0.004172285211,0.01575656307,0.003933445355
CA,2019,0.0,3.75,0,1,1,0.05555701778,0.004420678636,4.285249537e-05,0.0003753016473,0.00132629741,0.02335783025,0.003868160368,0.01589510622,0.003594563667
CA,2020,0.0,4.4,0,1,1,0.05161948724,0.004420485044,5.595904377e-05,0.0003416219608,0.001136148938,0.02138925858,0.003696624458,0.01341701264,0.004275621482
CA,2021,0.0,4.01,0,1,1,0.05292952703,0.004811666027,5.993410161e-05,0.0003739877722,0.001140663982,0.02165309749,0.003445648801,0.01366341678,0.004544031906
CA,2022,0.0,3.82,0,1,1,0.05730201652,0.005035621661,5.75976915e-05,0.0003842493681,0.001242244873,0.0236153866,0.003747027044,0.01509948592,0.004768873634
CA,2023,0.0,3.67,0,1,1,0.05667683976,0.005082382115,4.950572168e-05,0.0003641711719,0.001282606248,0.02325603777,0.00347410059,0.01465962199,0.00512231519
CO,2013,0.0,3.99,2,1,1,0.05962421706,0.003053630005,3.300401397e-05,0.0005620166287,0.0005948309644,0.02655002214,0.004756181898,0.01941830994,0.002375530293
CO,2014,0.0,3.93,2,1,1,0.05728371936,0.003078466828,2.800812908e-05,0.0005767807382,0.0005670712534,0.02535463893,0.004388313664,0.01861382914,0.002352496122
CO,2015,0.0,5.32,2,1,1,0.05968375899,0.003183809189,3.17499994e-05,0.000610774555,0.0006083887169,0.02643582031,0.004311025931,0.01918434068,0.002940453702
CO,2016,0.0,5.6,2,1,1,0.06239158208,0.003441164318,3.417656627e-05,0.0006573112084,0.0006374200852,0.02751231667,0.004308236462,0.01965242975,0.003551650466
CO,2017,0.0,6.24,2,1,1,0.06158690091,0.003721752979,3.953060434e-05,0.0007160025228,0.0006887584577,0.02707169748,0.004027491933,0.01913672995,0.003907475593
CO,2018,0.0,8.96,2,1,1,0.06225059464,0.004015084813,3.77770441e-05,0.0007604606831,0.0006643488547,0.02711021251,0.003822861156,0.01941880633,0.003868545023
CO,2019,0.0,7.12,2,1,1,0.0599855587,0.003846323495,3.976739719e-05,0.000709735163,0.0006453085064,0.02614645586,0.003519327823,0.01885478232,0.003772345717
CO,2020,0.0,7.78,2,1,1,0.06513813771,0.004230576583,5.062228389e-05,0.000628818302,0.0006825399094,0.02833849227,0.00400260412,0.01909252152,0.00524336663
CO,2021,0.0,7.23,2,1,1,0.07253664715,0.004803746909,6.194830517e-05,0.0007375289888,0.0007447562911,0.03146457667,0.004203708742,0.02014472845,0.007116139478
CO,2022,0.0,7.02,2,1,1,0.07348415031,0.005003659293,6.369943729e-05,0.0006544603476,0.000744358747,0.03173841586,0.003987892997,0.01983980619,0.007910716677
CO,2023,1.0,8.0,2,1,1,0.06705752849,0.004739851742,5.342307503e-05,0.0005874836881,0.0006453303298,0.0287889125,0.003586321651,0.01868395487,0.006518635976
CT,2013,0.0,3.34,1,1,1,0.0450285205,0.002622424494,2.528240586e-05,0.0002475453145,0.0009865694859,0.01980195819,0.003593435576,0.0144745941,0.001733928516
CT,2014,0.0,0.83,1,1,1,0.04350246275,0.002385415224,2.475824547e-05,0.0002208769315,0.0008823949958,0.01928528231,0.003342919503,0.0142415548,0.001700808009
CT,2015,0.0,1.12,1,1,1,0.04119724498,0.002214392716,3.235948035e-05,0.0002226109079,0.0008159610347,0.01830263367,0.002869393232,0.01364063681,0.001792603627
CT,2016,0.0,1.68,1,1,1,0.04088095806,0.002276955753,2.201977041e-05,0.0002204764354,0.0007556404757,0.01808269121,0.002817136956,0.01327931521,0.001986239037
CT,2017,0.0,1.4,1,1,1,0.04020056633,0.002291627027,2.937983368e-05,0.0002378367489,0.0007870997347,0.01780865614,0.002491969512,0.01326793289,0.002048753735
CT,2018,0.0,0.28,1,1,1,0.03743000179,0.002095746349,2.407938357e-05,0.0002444337425,0.000617384195,0.01661925455,0.002235182779,0.01237036332,0.002013708449
CT,2019,0.0,1.12,1,1,1,0.03233799455,0.001846034601,3.000542341e-05,0.0002234983407,0.0005445844137,0.01432296267,0.001813785781,0.01082887318,0.001680303711
CT,2020,0.0,1.4,1,1,1,0.03493331189,0.001815852995,3.935894401e-05,0.0001669943767,0.0005715480941,0.01565080295,0.001871236652,0.01141184468,0.002367721618
CT,2021,0.0,0.55,1,1,1,0.03374055261,0.001686006477,4.277803307e-05,0.0002221697846,0.0005431430263,0.01518426983,0.001461904782,0.0116116141,0.002110750948
CT,2022,1.0,0.55,1,1,1,0.03322481768,0.001535765352,3.750477428e-05,0.0001955212129,0.0004564000105,0.01507664349,0.001315149033,0.01178642686,0.001975067598
CT,2023,1.0,3.04,1,1,1,0.03417306761,0.001502276914,3.732193291e-05,0.000201261979,0.0004337637981,0.01558425689,0.001278068858,0.01138650704,0.002919680989
DE,2013,0.0,2.17,0,1,1,0.07300376119,0.005007349444,4.431282694e-05,0.0004312394622,0.00133262721,0.03134429986,0.006807963339,0.02307185163,0.00146448489
DE,2014,0.0,3.22,0,1,1,0.06970323772,0.004880508735,5.342062977e-05,0.0004166809122,0.001357952409,0.0298247376,0.006159398612,0.02231379705,0.001351541933
DE,2015,0.0,4.25,0,1,1,0.06447256365,0.00504196696,6.567267889e-05,0.000382384469,0.001313453578,0.02705820294,0.00508115872,0.02071337477,0.00126366945
DE,2016,0.0,1.05,0,1,1,0.06579419711,0.005100252126,6.087973314e-05,0.0003264413277,0.001426475126,0.02767928557,0.005277643073,0.02079567712,0.001605965374
DE,2017,0.0,7.32,0,1,1,0.05810811658,0.004573294967,5.328719289e-05,0.0003667412687,0.001130524367,0.02448076332,0.004137593801,0.01892008802,0.001423081504
DE,2018,0.0,1.04,0,1,1,0.05486188721,0.004224845906,4.764474422e-05,0.0003459422732,0.0008917853211,0.0232060977,0.003266772245,0.01841572939,0.00152359606
DE,2019,0.0,2.05,0,1,1,0.05336511486,0.00422661539,4.81228012e-05,0.0003368596084,0.0008078487265,0.02245594204,0.003055285931,0.01775731364,0.001643342466
DE,2020,0.0,2.02,0,1,1,0.04786539239,0.004318971554,7.397581498e-05,0.0002644888727,0.0007093571299,0.01961372464,0.00254152526,0.01538494278,0.001687256602
DE,2021,0.0,1.99,0,1,1,0.04601082596,0.004191849778,9.653595168e-05,0.0003214547669,0.0005622970381,0.0188135632,0.002382547096,0.01477298626,0.001658029851
DE,2022,0.0,1.96,0,1,1,0.04751982529,0.003923817454,4.811487869e-05,0.0002602131195,0.0005744327354,0.01983609519,0.002048319121,0.01603698365,0.001750792423
DE,2023,0.0,4.85,0,1,1,0.04521412166,0.003801761816,4.457839498e-05,0.0001880045354,0.0005184661156,0.01880529901,0.001766661175,0.01460911531,0.002429522527
FL,2013,0.0,4.55,0,0,0,0.07158513964,0.004693445936,4.959104986e-05,0.0003452496238,0.001183654688,0.03097756969,0.007087387542,0.02210903694,0.001781145207
FL,2014,0.0,4.74,0,0,0,0.068085268,0.0045889168,4.933292789e-05,0.0003582916921,0.001086178446,0.0293271697,0.006097740788,0.02141094284,0.001818486073
FL,2015,0.0,3.51,0,0,0,0.06585288532,0.004624618312,5.142032216e-05,0.0003730319625,0.001044064697,0.02816855631,0.005397306207,0.02076279504,0.002008455062
FL,2016,0.0,3.49,0,0,0,0.06247648148,0.004294029377,5.37842913e-05,0.0003678245232,0.0009766859378,0.02681042838,0.004856803802,0.0198654289,0.002088195684
FL,2017,0.0,3.2,0,0,0,0.05841983996,0.004080982372,5.038897236e-05,0.000378322502,0.000886550349,0.02512893761,0.004234914247,0.01884819295,0.002045830415
FL,2018,0.0,3.67,0,0,0,0.0534728417,0.003858914363,5.210805318e-05,0.0003971885752,0.0007947537217,0.02287750649,0.003385987886,0.01755382392,0.001937694679
FL,2019,0.0,3.26,0,0,0,0.05046115644,0.003782374288,5.220533578e-05,0.0003937734017,0.0007553488601,0.02144820393,0.002947042386,0.01668230345,0.001818858093
FL,2020,0.0,4.54,0,0,0,0.04306053307,0.003835954686,5.935588648e-05,0.0003536506539,0.0006221325125,0.01769431185,0.002406121994,0.01352725254,0.001760937311
FL,2021,0.0,2.47,0,0,0,0.03709755545,0.00337327136,4.292638071e-05,0.0003101969304,0.0003862916138,0.01517550636,0.001509936587,0.0126752852,0.0009902845735
FL,2022,0.0,3.51,0,0,0,0.0379954473,0.002929130971,5.372036451e-05,0.0003401240819,0.0003790994426,0.01606859268,0.001805858379,0.01295101337,0.001311720934
FL,2023,0.0,4.2,0,0,0,0.0361320552,0.002902206678,4.714576613e-05,0.0002987520171,0.0004229850912,0.01516382092,0.001630818931,0.01221460116,0.001318400833
GA,2013,0.0,3.41,0,0,0,0.07570727818,0.003753867402,5.63295223e-05,0.0002892515968,0.001271066166,0.03399861868,0.00835027638,0.02293101815,0.00271732415
GA,2014,0.0,2.78,0,0,0,0.07511152672,0.00385802622,6.011608049e-05,0.0003116726611,0.001266300173,0.03358834964,0.007727837964,0.02311141421,0.002749097466
GA,2015,0.0,3.54,0,0,0,0.06982284641,0.003813068183,6.098399141e-05,0.0003193325724,0.001229974553,0.0309834953,0.006681668859,0.02164000267,0.002661823766
GA,2016,0.0,2.91,0,0,0,0.06763696937,0.003904351721,6.612615163e-05,0.0003278189423,0.001174563344,0.0297960367,0.006080794134,0.02114941214,0.002565830426
GA,2017,0.0,3.65,0,0,0,0.06429794138,0.003564563906,6.539867503e-05,0.000254104103,0.0009453517724,0.02858440679,0.005316691403,0.02076739247,0.002500322912
GA,2018,0.0,5.14,0,0,0,0.05963620851,0.003388693377,6.155379473e-05,0.0002661939995,0.0008085714087,0.02642941088,0.004453945061,0.01956316594,0.002412299875
GA,2019,0.0,4.43,0,0,0,0.06200270605,0.003261755247,5.692499638e-05,0.0002827431638,0.0007045526824,0.02773959778,0.003526150685,0.02209724859,0.002116198502
GA,2020,0.0,4.19,0,0,0,0.04814894318,0.004000927356,8.8048413e-05,0.0003193272242,0.0006550876623,0.02007354423,0.00290746504,0.01478457037,0.002381508825
GA,2021,0.0,5.56,0,0,0,0.03902510829,0.003498414771,7.888373307e-05,0.0003332397419,0.0004242665644,0.01601413938,0.00203744354,0.01205614112,0.001920554719
GA,2022,0.0,5.96,0,0,0,0.04159783361,0.003712403586,8.366263852e-05,0.0003799181811,0.0004427797035,0.01708651322,0.002196671162,0.01279928408,0.002090557979
GA,2023,0.0,5.17,0,0,0,0.04350187008,0.003517925599,7.090252109e-05,0.000324954777,0.0004222417401,0.01823300944,0.002233429414,0.01349405539,0.002505524639
HI,2013,0.0,2.84,0,1,1,0.06960177773,0.002544381176,2.27113522e-05,0.0003605427161,0.0006628875923,0.03212662714,0.005519568314,0.02336998141,0.003237077418
HI,2014,0.0,2.12,0,1,1,0.06981553339,0.002367177208,1.408195841e-05,0.0003858456603,0.0006703012201,0.03240399449,0.005259611465,0.02323734366,0.00390703936
HI,2015,0.0,2.11,0,1,1,0.06907012629,0.002934472755,1.327183584e-05,0.0003758025095,0.0007578916781,0.03170501878,0.004756905371,0.02314887577,0.003799237638
HI,2016,0.0,4.2,0,1,1,0.06442436846,0.002416211294,2.44980867e-05,0.0004206671459,0.0006894461543,0.02964478474,0.004187772935,0.02160801241,0.003848999393
HI,2017,0.0,2.81,0,1,1,0.06174541129,0.002511580161,2.738373673e-05,0.0003981174032,0.000756212422,0.02836112549,0.003896214234,0.02076529821,0.003699613047
HI,2018,0.0,7.74,0,1,1,0.06285966494,0.002549639482,2.815725546e-05,0.000499087353,0.0006694387485,0.02888019299,0.004018744285,0.02083636904,0.004025079667
HI,2019,0.0,4.24,0,1,1,0.06267523303,0.002645493301,2.613704997e-05,0.0004415042225,0.0007622128898,0.02869212321,0.003909254988,0.02110602106,0.003676847165
HI,2020,0.0,2.07,0,1,1,0.05331036257,0.002541566987,2.913988995e-05,0.0004044048142,0.0006162020631,0.0241136143,0.003290675377,0.01702480302,0.0037981359
HI,2021,0.0,4.15,0,1,1,0.05614468122,0.002739860443,1.589326361e-05,0.0004671237477,0.0006136181775,0.02533248016,0.003322383105,0.01765879789,0.004351299171
HI,2022,0.0,1.39,0,1,1,0.05515915889,0.002762124044,2.013614814e-05,0.0004506331083,0.0006936555858,0.0248174554,0.002669081153,0.01801004863,0.004138325617
HI,2023,0.0,4.18,0,1,1,0.03713510478,0.00187090022,1.393594205e-05,0.0002835964207,0.0004445565514,0.01669665217,0.001758715887,0.0119033849,0.003034551381
IA,2013,0.0,1.62,0,0,0,0.04970700191,0.002730293975,1.325856366e-05,0.0003663890884,0.0003030066865,0.02198205179,0.005147556495,0.01545851509,0.001375980204
IA,2014,0.0,2.89,0,0,0,0.04759540258,0.0027284296,1.929582461e-05,0.0003698366383,0.0003367121394,0.0209359697,0.004619098814,0.0149844942,0.001332376689
IA,2015,0.0,1.6,0,0,0,0.04724251817,0.002760732954,2.338246962e-05,0.0003859709026,0.0003363231931,0.02072007116,0.004797249965,0.01451891209,0.0014039091
IA,2016,0.0,1.6,0,0,0,0.0482476271,0.002928899293,2.331621029e-05,0.0004081933802,0.0003673101621,0.02104463649,0.004888738558,0.01455825843,0.001597639505
IA,2017,0.0,1.59,0,0,0,0.047518209,0.002875013877,3.117408276e-05,0.0004151242653,0.0004036725614,0.02088409062,0.004679611545,0.01445491321,0.001749565869
IA,2018,0.0,3.18,0,0,0,0.04149566572,0.00263702996,2.223197606e-05,0.0003576172149,0.0003141060618,0.0181108029,0.003948716548,0.01254455129,0.001617535058
IA,2019,0.0,1.9,0,0,0,0.04274723731,0.002875684106,2.215473117e-05,0.0004320172579,0.0002908599707,0.01849793455,0.003926451356,0.01281144805,0.001760035144
IA,2020,0.0,2.51,0,0,0,0.04003463186,0.003034871147,3.508704273e-05,0.000407452235,0.0002980818135,0.01698244478,0.003710691844,0.01130087266,0.001970880283
IA,2021,0.0,2.81,0,0,0,0.03606729735,0.002950255638,2.282898681e-05,0.0004853505141,0.0002164062859,0.01508339304,0.002662860585,0.01052666473,0.001893867728
IA,2022,0.0,1.88,0,0,0,0.03385015608,0.002907342782,1.874697119e-05,0.0004602381428,0.0002296503971,0.01401773526,0.002241825305,0.01014211142,0.001633798539
IA,2023,0.0,1.25,0,0,0,0.03441218034,0.0027994976,2.463358324e-05,0.000412534565,0.0002229495192,0.01440659257,0.002185840741,0.01056843085,0.001652320982
ID,2013,0.0,2.48,0,0,0,0.04211073241,0.002152100359,1.79806714e-05,0.0004178956042,0.0001364050934,0.01874329987,0.004149814954,0.01363988931,0.0009535956073
ID,2014,0.0,2.45,0,0,0,0.04173033375,0.002103613517,1.957418801e-05,0.000394542227,0.0001241737552,0.01861994634,0.003955209364,0.01363892719,0.00102580979
ID,2015,0.0,4.24,0,0,0,0.03963993834,0.002173849911,1.936075623e-05,0.0004253316135,0.0001155595138,0.01749244325,0.003705164724,0.01265467429,0.00113260424
ID,2016,0.0,3.57,0,0,0,0.03987735904,0.002307107152,2.916621528e-05,0.0004279695671,0.0001267837522,0.01747413433,0.003760656085,0.01247718785,0.001236290391
ID,2017,0.0,3.49,0,0,0,0.03801026701,0.002391640254,2.443417433e-05,0.000439233372,0.0001291520643,0.01661349325,0.003395768466,0.01196692776,0.001250797019
ID,2018,0.0,7.43,0,0,0,0.03429578141,0.002396980125,1.942262256e-05,0.0005295520915,0.0001113944529,0.01475091058,0.002850555487,0.01078298304,0.001117372051
ID,2019,0.0,4.48,0,0,0,0.02951941243,0.002326361329,1.565067689e-05,0.000513118621,8.999139213e-05,0.01243334489,0.002260963858,0.009273585011,0.0008987960158
ID,2020,0.0,4.87,0,0,0,0.02708941258,0.002425950223,2.244222905e-05,0.0004554130383,9.52426306e-05,0.01111875607,0.002042242844,0.008109307887,0.0009672053349
ID,2021,0.0,7.35,0,0,0,0.02410946934,0.002407691169,2.258030976e-05,0.0005729097197,8.296951028e-05,0.009647043502,0.001622631562,0.007119099056,0.0009053128843
ID,2022,0.0,4.13,0,0,0,0.02379846037,0.002487322289,2.733321197e-05,0.0005255196791,8.303107786e-05,0.009411907894,0.001615753832,0.006871466344,0.0009246877181
ID,2023,0.0,7.13,0,0,0,0.0208700857,0.002340275438,2.341293392e-05,0.0004290674628,9.466968931e-05,0.008094767413,0.001408338873,0.00592194535,0.00076448319
IL,2013,0.0,2.17,2,1,1,0.05429581293,0.004030548886,5.601001416e-05,0.0004142568914,0.001375658699,0.02296627794,0.004584210203,0.01676103552,0.00162103221
IL,2014,0.0,2.48,2,1,1,0.04952776271,0.00370860884,5.356232547e-05,0.0003360453724,0.001185435177,0.02093176866,0.003940246491,0.01560317117,0.001388351002
IL,2015,0.0,1.79,2,1,1,0.04805933026,0.003875287628,5.872710023e-05,0.0003836733365,0.001172672707,0.02001410229,0.003648713179,0.01498740522,0.001377983896
IL,2016,0.0,2.5,2,1,1,0.05004259206,0.00436702996,8.265991343e-05,0.0003897714862,0.001389013757,0.0205096307,0.003754598688,0.01520724266,0.00154778935
IL,2017,0.0,2.19,2,1,1,0.04862822375,0.004362282574,7.687978504e-05,0.0004242074813,0.001386729877,0.0199518293,0.003390766104,0.01492703537,0.001634027822
IL,2018,0.0,1.89,2,1,1,0.04700468936,0.004114022471,7.089483349e-05,0.0004799155801,0.001120091211,0.01938832221,0.003090213047,0.01473834423,0.001559764934
IL,2019,0.0,1.58,2,1,1,0.04541463866,0.004152595674,6.71823524e-05,0.0004863812846,0.0009994460416,0.01855472366,0.00274642404,0.01430684114,0.001501458473
IL,2020,0.0,1.33,2,1,1,0.03970580408,0.004259135827,9.143970263e-05,0.0004043684504,0.0009740592475,0.01559376621,0.00246434368,0.01143472945,0.001694693081
IL,2021,0.0,2.76,2,1,1,0.03476176074,0.00344768903,9.064776022e-05,0.0005234711093,0.0008560301531,0.01393319134,0.001969736418,0.01023878275,0.001724672168
IL,2022,0.0,2.23,2,1,1,0.03966211499,0.002905333574,7.923998286e-05,0.0004907792318,0.0008511343796,0.01692572392,0.002103237379,0.01199416756,0.002828318987
IL,2023,0.0,2.71,2,1,1,0.04060371536,0.003100873655,6.557931436e-05,0.0004251898194,0.001102417757,0.01720098402,0.002318304462,0.01143542282,0.003447256741
IN,2013,0.0,3.35,0,0,0,0.06450152366,0.003595804595,5.433200324e-05,0.0003410588775,0.001082683112,0.02853145465,0.006506752007,0.0198660328,0.002158669843
IN,2014,0.0,1.52,0,0,0,0.06057036503,0.003653446258,5.047075727e-05,0.0003329857469,0.001044881083,0.02650987893,0.00559406961,0.01881574081,0.002100068507
IN,2015,0.0,3.03,0,0,0,0.05992331804,0.003836971144,5.595236367e-05,0.0003608171344,0.001070807263,0.02599183882,0.005202662486,0.0187425296,0.002046646729
IN,2016,0.0,2.41,0,0,0,0.05905405285,0.00399698101,6.496827634e-05,0.000369158489,0.001099034113,0.025393401,0.005059837893,0.01815705048,0.002176512627
IN,2017,0.0,3.0,0,0,0,0.05562664243,0.003949951367,6.201124851e-05,0.0003921873635,0.001056293301,0.02386336985,0.004474269236,0.01717621495,0.002212885667
IN,2018,0.0,2.54,0,0,0,0.05136496962,0.003735196954,6.243001826e-05,0.0003712943192,0.000856844533,0.02194728786,0.003867375342,0.01581077551,0.002269137004
IN,2019,0.0,2.82,0,0,0,0.04638323223,0.00371504425,5.541516058e-05,0.0003792892894,0.000792600219,0.01947657187,0.00320694814,0.0142244626,0.002045161127
IN,2020,0.0,3.98,0,0,0,0.0428171743,0.003576782844,7.475995762e-05,0.000347596793,0.000623986577,0.01783180431,0.00280357243,0.01274324188,0.002284989992
IN,2021,0.0,3.08,0,0,0,0.03771171839,0.003325881496,7.191571126e-05,0.0003586979558,0.0004680391902,0.0155299777,0.002119458748,0.01131263492,0.002097884034
IN,2022,0.0,2.78,0,0,0,0.03664110117,0.00311325696,6.834442723e-05,0.0003387951799,0.0004331895173,0.01520729362,0.002219364537,0.01101003844,0.001977890651
IN,2023,0.0,5.39,0,0,0,0.03750955051,0.003321675749,5.625019035e-05,0.0003407071115,0.0004040978701,0.01543309951,0.002182827983,0.01089344684,0.002356824685
KS,2013,0.0,1.73,0,0,0,0.06639510104,0.003428412381,4.040332882e-05,0.0004471992378,0.000462393652,0.02959595635,0.006034945081,0.02125733087,0.002303680398
KS,2014,0.0,5.17,0,0,0,0.06256453473,0.003526261952,3.169673665e-05,0.0005109376136,0.0004689049846,0.02757237106,0.005485258089,0.01969642106,0.002390691909
KS,2015,0.0,3.78,0,0,0,0.0634082184,0.003950499549,4.334781357e-05,0.0005793469686,0.0006271671757,0.0275427191,0.005373408731,0.01975937835,0.002409932016
KS,2016,0.0,3.09,0,0,0,0.06503662134,0.004011719103,4.539622131e-05,0.0005564476219,0.0006042512186,0.02830144879,0.005075779018,0.02067557143,0.002550098341
KS,2017,0.0,4.81,0,0,0,0.06255632258,0.004003863003,4.603720975e-05,0.0005167161452,0.0005610355486,0.02727429828,0.004501339717,0.02023266656,0.002540292006
KS,2018,0.0,3.09,0,0,0,0.06203975532,0.004417524599,4.190482864e-05,0.0005715543841,0.0004877447268,0.02660235306,0.004393824327,0.01948437139,0.002724157344
KS,2019,0.0,3.09,0,0,1,0.05364008879,0.004055091009,3.261651391e-05,0.0005149975881,0.0003972348063,0.02276495338,0.003431943927,0.01696745387,0.002365555588
KS,2020,0.0,2.38,0,0,1,0.05248257862,0.004250456019,3.431938651e-05,0.0004334538516,0.0003184839068,0.02199083329,0.003313536767,0.01619634807,0.002480948451
KS,2021,0.0,4.42,0,0,1,0.05384145665,0.004449062977,4.833348196e-05,0.0005051189242,0.0003332287242,0.02247166535,0.00332547971,0.01646776191,0.002678423729
KS,2022,0.0,4.43,0,0,1,0.0513742914,0.004468617537,4.766525373e-05,0.0005134228759,0.0003132288102,0.02121852817,0.002924263316,0.01589602165,0.002398243195
KS,2023,0.0,4.08,0,0,1,0.05047089894,0.004296821067,4.624991413e-05,0.0004427749132,0.0003128670662,0.0209386284,0.002932108527,0.01561138646,0.002395133421
KY,2013,0.0,1.82,0,0,0,0.051915602,0.002109290812,3.909461419e-05,0.0003741263661,0.00073802449,0.02374043176,0.005984885386,0.01637609746,0.001379448916
KY,2014,0.0,4.3,0,0,0,0.0498357324,0.002151784304,3.716615333e-05,0.0003526252108,0.0007576003084,0.02264166593,0.005308867731,0.0158880773,0.001444720899
KY,2015,0.0,3.84,0,0,0,0.04882440513,0.002234546721,4.949587659e-05,0.0003715580873,0.0007489923973,0.02204600585,0.005091069023,0.01517489334,0.001780043489
KY,2016,0.0,4.51,0,0,0,0.04904563973,0.002356116717,5.973698145e-05,0.000394038655,0.0007598994886,0.02202671573,0.004718545267,0.01506566672,0.002242503741
KY,2017,0.0,3.82,0,0,0,0.04768477959,0.002310797297,5.949876445e-05,0.0004079594528,0.0006661616382,0.0215315925,0.004610592935,0.0145953837,0.002325615857
KY,2018,0.0,4.93,0,0,0,0.04436252242,0.002178584774,5.603932436e-05,0.0004202949327,0.0005534443674,0.02000267644,0.003914234728,0.01374375638,0.002344685331
KY,2019,0.0,3.58,0,0,0,0.04259912865,0.002207343128,5.120356323e-05,0.0003740766868,0.0004834153,0.01909222119,0.003480724318,0.01331180846,0.002299688418
KY,2020,0.0,4.44,0,0,0,0.04077189329,0.002590875517,7.214248207e-05,0.000306214684,0.000529119319,0.01779507113,0.00344117406,0.01178602674,0.002567870329
KY,2021,0.0,5.1,0,0,0,0.0378539068,0.002689617358,8.29895959e-05,0.000380775793,0.000494165321,0.01623733604,0.002898644629,0.01089072023,0.002447971182
KY,2022,0.0,4.21,0,0,0,0.03411955296,0.00219931698,7.269004124e-05,0.0003718716134,0.0003927035155,0.0148604595,0.002491850072,0.01011721269,0.002251396735
KY,2023,0.0,3.54,0,0,0,0.03552685127,0.002243184832,6.07579857e-05,0.0003347212667,0.0003919442423,0.0155202408,0.002324490064,0.01035006763,0.002845683112
LA,2013,0.0,3.46,0,0,0,0.08227190209,0.005211821094,0.0001067119667,0.0003808364317,0.001196513327,0.03578933589,0.008902888654,0.02490665943,0.001979787803
LA,2014,0.0,4.95,0,0,0,0.0798734779,0.005158754912,0.0001023878305,0.0002972688692,0.001231450272,0.03467247725,0.008290187761,0.02436034494,0.002021944551
LA,2015,0.0,6.22,0,0,0,0.07861836469,0.00539777595,0.0001053767863,0.000371174737,0.001191057537,0.03377797197,0.007594196566,0.02409958535,0.002084190055
LA,2016,0.0,4.7,0,0,1,0.07752727875,0.005650045442,0.0001184339321,0.0003881645451,0.001189674183,0.03297179331,0.007402440849,0.02336498756,0.002204364899
LA,2017,0.0,4.28,0,0,1,0.07846933878,0.005563479459,0.0001233188705,0.0003960762333,0.001152902982,0.03367118993,0.007308141743,0.02398766126,0.002375386924
LA,2018,0.0,3.86,0,0,0,0.07653298825,0.005432550234,0.0001143852917,0.00045174679,0.000987190135,0.03283394389,0.00671525359,0.02362088465,0.002497805648
LA,2019,0.0,4.52,0,0,1,0.0749207058,0.005596909592,0.0001174251897,0.0004898798592,0.000886377712,0.03186344331,0.005890579902,0.02364024528,0.00233261812
LA,2020,0.0,4.94,0,0,1,0.07047655295,0.006394395389,0.0001580085583,0.0004598178209,0.0008066186212,0.02884388109,0.005101480674,0.02107304602,0.002669354391
LA,2021,0.0,5.4,0,0,1,0.06383223351,0.006627480118,0.0001960191896,0.0004065182972,0.000600376305,0.02528863664,0.004946296793,0.01751184003,0.002830499808
LA,2022,0.0,4.8,0,0,1,0.06797856583,0.006397049741,0.0001651329418,0.0005012808696,0.0006770886322,0.02759223317,0.004993419735,0.01948503357,0.003113779865
LA,2023,0.0,6.12,0,0,0,0.06356404779,0.005480187041,0.0001449576704,0.0004716043666,0.0005326046532,0.02630183685,0.00446963749,0.01805783396,0.003774365406
MA,2013,0.0,1.79,0,1,1,0.0493075291,0.004063871225,2.056977072e-05,0.000343276681,0.0009994225559,0.02046155584,0.004578413606,0.01452359964,0.0013595426
MA,2014,0.0,0.74,0,1,1,0.04529376515,0.003950926734,1.968875775e-05,0.0003259747712,0.0008996133898,0.01857567678,0.003693640561,0.01365274716,0.001229289055
MA,2015,0.0,1.47,0,1,0,0.04179362758,0.003899183991,1.930945839e-05,0.000306887728,0.0007762107473,0.01688427886,0.003217162129,0.01248128014,0.001185836586
MA,2016,0.0,1.91,0,1,0,0.03904189518,0.003806574155,1.978392727e-05,0.0003137584318,0.0007862279246,0.01559706207,0.002814300292,0.01159997602,0.001182785756
MA,2017,0.0,0.73,0,1,0,0.035637656,0.003543221385,2.506102797e-05,0.0003204023286,0.000710159595,0.01427560662,0.002464722961,0.01071985472,0.001091028939
MA,2018,0.0,0.87,0,1,0,0.03227891643,0.0034033477,2.005046033e-05,0.0003581477152,0.0005933773911,0.01273611052,0.002047907524,0.009729994399,0.0009582085931
MA,2019,0.0,0.73,0,1,1,0.03018499371,0.003286785287,2.219036929e-05,0.0003254587496,0.0005257522136,0.01180571157,0.001787267456,0.00912908892,0.0008893551928
MA,2020,0.0,1.0,0,1,1,0.02723986135,0.003088093346,2.321002139e-05,0.000268510935,0.0004373638406,0.01053183733,0.001497481568,0.008042852662,0.0009915031013
MA,2021,0.0,1.86,0,1,1,0.02602719148,0.003010577007,1.917109342e-05,0.000294147523,0.0003742655254,0.01000301873,0.001372879198,0.007655990466,0.0009741490681
MA,2022,0.0,0.72,0,1,1,0.02797976618,0.003242063061,2.148389553e-05,0.0002969074362,0.0003782597873,0.01074782003,0.001430970668,0.008318850801,0.0009979985603
MA,2023,0.0,1.0,0,1,1,0.02829863003,0.003141943489,2.085297524e-05,0.0002728026213,0.0003656412097,0.01100737153,0.001318450784,0.008522868073,0.00116605267
MD,2013,0.0,4.05,2,1,1,0.06288963461,0.004754377909,6.466021311e-05,0.0002827200464,0.001691942243,0.02659117587,0.005379931794,0.01895200949,0.002259234581
MD,2014,0.0,3.53,2,1,1,0.05948743387,0.004479573233,6.058226586e-05,0.0002731222594,0.001600744124,0.02516841703,0.004708346596,0.01826505109,0.002195019334
MD,2015,0.0,3.34,2,0,0,0.05715996192,0.00470143118,8.974170569e-05,0.0002864061499,0.001686576926,0.02377771547,0.004409020009,0.01713115784,0.002237537621
MD,2016,0.0,2.83,2,0,0,0.0562325221,0.004816629797,8.896631762e-05,0.0003032489968,0.001795094636,0.02319033215,0.004121663431,0.01676334561,0.002305323107
MD,2017,0.0,1.99,2,0,0,0.054781406,0.005032622167,9.261578342e-05,0.0002841545183,0.001857129034,0.02235808083,0.003904800933,0.01620892395,0.002244355956
MD,2018,0.0,2.32,2,1,0,0.05012589876,0.0046936596,8.134793023e-05,0.0003298650287,0.001609728086,0.02036928978,0.003132972221,0.01522366042,0.002012657142
MD,2019,0.0,3.14,2,1,0,0.04809351153,0.004543552271,9.000894144e-05,0.0003210594168,0.001521894303,0.01950320349,0.002786478642,0.01485362234,0.001863102511
MD,2020,0.0,2.59,2,1,0,0.0401935202,0.003998644606,9.131738455e-05,0.0002860067089,0.001184649036,0.01609811549,0.002520062578,0.01184929758,0.001728755332
MD,2021,0.0,3.72,2,1,0,0.0391412575,0.004351044034,0.000110128413,0.0003556499925,0.001202505097,0.01521958472,0.002108959108,0.01117560461,0.001935020997
MD,2022,0.0,1.95,2,1,0,0.04275986024,0.004245327398,9.797782846e-05,0.000338704811,0.001186440128,0.01713460272,0.001997514867,0.01279162192,0.00234546593
MD,2023,0.0,1.78,2,1,1,0.04994585173,0.004261637833,8.332992193e-05,0.0003192425941,0.001307228037,0.02071128803,0.001858661773,0.01337841671,0.005474209551
ME,2013,0.0,3.77,0,0,0,0.04876639006,0.001325353616,1.806274093e-05,0.0003725440317,0.0002521257588,0.02292011301,0.004876940051,0.01735754142,0.0006856315412
ME,2014,0.0,4.51,0,0,0,0.04254519431,0.001276446037,1.578643509e-05,0.0003638397421,0.0002285274413,0.01986610096,0.003784985747,0.01547897548,0.0006021397385
ME,2015,0.0,1.51,0,0,0,0.03949819964,0.001298278314,1.730034834e-05,0.0003467591558,0.0002339307971,0.01832407765,0.003530775439,0.01418102031,0.0006122818934
ME,2016,0.0,1.5,0,0,0,0.03564415831,0.001239633387,1.503497134e-05,0.0003104721582,0.000201468616,0.01646930761,0.003007746017,0.0128782047,0.0005833568881
ME,2017,0.0,7.49,0,0,0,0.03258572816,0.0012059356,1.722765143e-05,0.0003520433118,0.0001865080524,0.01508692848,0.002499507514,0.01199344151,0.0005939794601
ME,2018,0.0,2.24,0,1,0,0.02942518504,0.001120191299,1.717626658e-05,0.000333817007,0.0001702690774,0.01359240122,0.002025305868,0.01098683626,0.0005802590928
ME,2019,0.0,2.23,0,1,1,0.02727509158,0.001160673815,1.634751852e-05,0.0003863958923,0.0001426692525,0.01247687198,0.001753642896,0.01018376097,0.0005394681112
ME,2020,0.0,2.93,0,1,1,0.02529513584,0.001085812519,1.629459442e-05,0.0003599624039,0.000125912775,0.0115617554,0.001487992736,0.00943531083,0.0006384518358
ME,2021,0.0,4.35,0,1,1,0.02494267512,0.001129071373,1.452181831e-05,0.0003790194578,0.0001169006374,0.01134226619,0.001262672102,0.009428290535,0.000651303551
ME,2022,0.0,5.04,0,1,1,0.02654077699,0.001055336596,2.165533371e-05,0.0003284392279,0.000101058224,0.0122150519,0.001165778798,0.01032959418,0.0007196789236
ME,2023,0.0,4.3,0,1,1,0.02446045846,0.001024559332,4.298850344e-05,0.0003030689493,0.0001167854343,0.0112056699,0.001101938638,0.009314175746,0.0007895555132
MI,2013,0.0,1.61,0,0,0,0.05599911014,0.004521734422,6.314283829e-05,0.0006854786525,0.001019681067,0.02325020335,0.005683461618,0.01513346931,0.002433272416
MI,2014,0.0,1.91,0,0,0,0.04991717682,0.004291416582,5.485913807e-05,0.0006417712402,0.0008104832586,0.02044027282,0.004470213001,0.01382994837,0.002140111449
MI,2015,0.0,1.81,0,0,0,0.04744923604,0.004205807487,5.898536104e-05,0.0006765671327,0.0007882864148,0.01927772677,0.004070998209,0.01331143313,0.001895295439
MI,2016,0.0,1.61,0,0,0,0.04804768134,0.004608874363,6.161004566e-05,0.0007316696272,0.0007170724759,0.01915236859,0.004000424827,0.01311216803,0.002039775727
MI,2017,0.0,1.6,0,0,0,0.04505050746,0.00449889625,5.703433296e-05,0.0007126785718,0.000652336448,0.01802635748,0.003591759672,0.01247037147,0.001964226342
MI,2018,0.0,2.2,0,0,0,0.0423398389,0.004524807113,5.558854143e-05,0.000791360479,0.0005646994533,0.01664511233,0.003188478609,0.01170624571,0.001750388018
MI,2019,0.0,1.3,0,0,1,0.04048355525,0.004385968866,5.768771417e-05,0.000736720183,0.0005360150108,0.01585580876,0.002861751293,0.0112070403,0.00178701716
MI,2020,0.0,1.69,0,0,1,0.03677780336,0.004780087001,7.565302153e-05,0.0006085352461,0.00044528927,0.01360881468,0.002330895681,0.009433249503,0.001844669497
MI,2021,0.0,2.79,0,0,1,0.03715943725,0.00491108148,7.581566095e-05,0.0006761641141,0.0004023908733,0.01366863714,0.002057682866,0.00945444206,0.002156512217
MI,2022,0.0,2.19,0,1,1,0.04025428057,0.004633095123,6.946304073e-05,0.0006592510967,0.0003670478895,0.01549404516,0.002171592048,0.01063332653,0.002689126582
MI,2023,0.0,3.29,0,1,1,0.04007507626,0.004571765146,5.888060498e-05,0.000588706421,0.0003687260897,0.01546577298,0.002052153471,0.01060020259,0.002813416927
MN,2013,0.0,2.03,0,1,1,0.0533485428,0.002344127509,2.10252192e-05,0.0003714455391,0.0006776022397,0.02419615423,0.004188998277,0.01853797265,0.001469183299
MN,2014,0.0,1.83,0,1,1,0.0507981767,0.002291499645,1.612570722e-05,0.0003666765925,0.0006756304831,0.02297491811,0.003806583137,0.01763511006,0.001533224912
MN,2015,0.0,2.55,0,1,1,0.04966497551,0.002429394968,2.425929354e-05,0.0004233520324,0.0006878330523,0.0222499674,0.003520151174,0.01727407621,0.001455740013
MN,2016,0.0,2.53,0,1,1,0.04776572158,0.002418982634,1.828037755e-05,0.0004251545235,0.0006751070126,0.02130713749,0.003363227482,0.01636564375,0.00157826626
MN,2017,0.0,1.8,0,1,1,0.04876839815,0.002396664604,2.0473568e-05,0.0004319204476,0.0006513827291,0.02198753447,0.003381371388,0.01681023607,0.001795927017
MN,2018,0.0,2.14,0,1,1,0.04444647393,0.00221235268,1.90858451e-05,0.0004414716507,0.0005254850436,0.02001088428,0.002890702857,0.0153130908,0.001807090623
MN,2019,0.0,2.31,0,0,1,0.04658325019,0.002374977682,2.25175189e-05,0.0004430809427,0.0005593919064,0.02091664741,0.00284146266,0.01607874961,0.00199643514
MN,2020,0.0,1.75,0,0,1,0.04804729854,0.002774801311,3.358467634e-05,0.0003908195757,0.0006853041587,0.02124884796,0.003070346463,0.01567803396,0.002500467534
MN,2021,0.0,2.45,0,0,1,0.04708909491,0.003089046587,3.554250735e-05,0.0004555744046,0.0007001698862,0.02045550087,0.002579895792,0.01536066628,0.002514938796
MN,2022,0.0,1.57,0,1,1,0.04520197356,0.002832688261,3.200876515e-05,0.0004243347774,0.0005719599019,0.01976829852,0.002153507741,0.01472210795,0.002892682831
MN,2023,0.0,1.39,0,1,1,0.0392707107,0.002611401528,3.137027997e-05,0.0003560526777,0.0004848451049,0.01702395382,0.001833941423,0.01252005302,0.002669959384
MO,2013,0.0,4.8,0,0,0,0.07170007462,0.004336866825,6.104302177e-05,0.0003813121007,0.0009075393426,0.03137429348,0.006418119554,0.02225241471,0.002703759208
MO,2014,0.0,4.29,0,0,0,0.06734426955,0.004433173968,6.662459203e-05,0.0003962843927,0.0009221898976,0.02909647653,0.005820251798,0.02057594981,0.002700274925
MO,2015,0.0,3.46,0,0,0,0.06747930122,0.004985349406,8.278194741e-05,0.0004234551704,0.001050491392,0.0286014097,0.005600371548,0.02020159297,0.00279944518
MO,2016,0.0,3.61,0,0,0,0.06675985064,0.005207532995,8.832448775e-05,0.0004197875747,0.001079594482,0.02801774239,0.005206876308,0.01980717681,0.003003689271
MO,2017,0.0,5.73,0,0,0,0.06739010433,0.005312172389,9.805828231e-05,0.0004480559577,0.001041480454,0.02838287978,0.004925177765,0.02019378543,0.003263916582
MO,2018,0.0,4.25,0,0,0,0.06318389747,0.005014356487,9.784986759e-05,0.0004794480157,0.0008504280646,0.02657759225,0.004466952637,0.01886852555,0.00324211406
MO,2019,0.0,5.7,0,0,0,0.0631557005,0.004996356145,9.380381811e-05,0.0004916557758,0.0008134549852,0.0265814941,0.004334680949,0.0187809575,0.003465855654
MO,2020,0.0,5.69,0,0,0,0.06147493281,0.005427089246,0.0001175313921,0.0004325740448,0.0007437152405,0.02531037716,0.003787664503,0.01759053168,0.003932180973
MO,2021,0.0,5.02,0,0,0,0.05742142036,0.005242938088,0.0001021098985,0.0005617665207,0.0006129835491,0.02346777209,0.003120835071,0.01639771514,0.003949221882
MO,2022,0.0,5.83,0,0,0,0.0572959637,0.004943543634,0.0001021373247,0.0005215316325,0.0005524480018,0.02370443821,0.003005200587,0.01579486552,0.004904372109
MO,2023,0.0,5.0,0,0,0,0.05107779727,0.00458655334,9.102417693e-05,0.0004643201365,0.0005293604616,0.02095234529,0.002511718556,0.0136542721,0.004786354637
MS,2013,0.0,2.34,0,0,0,0.06029932431,0.002774875794,7.252174483e-05,0.0003422224272,0.0008064284344,0.02725347118,0.008344679477,0.01744264934,0.001466142371
MS,2014,0.0,5.68,0,0,0,0.06387427454,0.002783082892,8.652244255e-05,0.0003614566905,0.0008034226808,0.029025774,0.007983449159,0.01954772481,0.001494600031
MS,2015,0.0,4.68,0,0,0,0.06315703204,0.002739689368,8.463265081e-05,0.0003873699986,0.0007734019315,0.02869648992,0.008385657275,0.01888211307,0.001428719572
MS,2016,0.0,3.35,0,0,0,0.06122230913,0.00281736375,7.938594802e-05,0.0004294210353,0.0008149620739,0.02764138319,0.007867917861,0.01833078483,0.001442680498
MS,2017,0.0,5.69,0,0,0,0.0604917678,0.002562496174,6.355231342e-05,0.000220091696,0.0008335387634,0.02768338773,0.007508873074,0.01872050462,0.001454010034
MS,2018,0.0,5.03,0,0,0,0.05342466672,0.002659827844,7.178750897e-05,0.000199931567,0.000570274604,0.02405250552,0.006828199744,0.01549838646,0.001725919316
MS,2019,0.0,9.41,0,0,0,0.05204841673,0.002611956711,0.0001000595321,0.0003102517034,0.0005439477918,0.02341225165,0.006158362005,0.01533294809,0.001920941553
MS,2020,0.0,4.06,0,0,0,0.04785582782,0.002911568276,0.0001061755044,0.0003869507272,0.0004782953674,0.02101634563,0.004883399072,0.0140825796,0.002050366963
MS,2021,0.0,8.14,0,0,0,0.04231441294,0.002553578706,9.289439264e-05,0.0004075148173,0.0002780051167,0.01860362776,0.004017851997,0.01266855755,0.001917218213
MS,2022,0.0,5.44,0,0,0,0.03967201996,0.002439408488,7.58488696e-05,0.0003391090717,0.000255777354,0.01739660149,0.00346455868,0.01218887933,0.001743163483
MS,2023,0.0,7.14,0,0,0,0.03579833248,0.002027764832,6.939507227e-05,0.0003258847021,0.0002143083114,0.01587140141,0.003043178022,0.01093346577,0.00189475761
MT,2013,0.0,6.91,0,0,1,0.05776143404,0.002881174226,2.266313516e-05,0.0004601601791,0.0002138217535,0.02581134024,0.004061627962,0.01989626196,0.001853450315
MT,2014,0.0,5.87,0,0,1,0.05684621188,0.003284625879,3.713650205e-05,0.0005453202144,0.0001974098267,0.02494497934,0.00355630871,0.01937548131,0.002013189322
MT,2015,0.0,3.88,0,0,1,0.06031646986,0.00353366477,3.681910097e-05,0.000554224362,0.0002034739791,0.02642836311,0.00376620646,0.0203144545,0.002347702149
MT,2016,0.0,4.8,0,0,1,0.06211007302,0.003741373467,3.56229589e-05,0.0005757440384,0.0002580257564,0.02710810894,0.003818396081,0.02062954433,0.002660168525
MT,2017,0.0,5.7,0,0,1,0.05931306916,0.003738521874,3.893304466e-05,0.0006067857448,0.0002222032305,0.02591801271,0.003440351727,0.02001063537,0.00246702561
MT,2018,0.0,5.66,0,0,1,0.05812768405,0.003808931189,3.488377574e-05,0.0005364559027,0.0002545572825,0.02525491083,0.003138597012,0.01946043284,0.00265588098
MT,2019,0.0,5.61,0,0,0,0.0530798796,0.004178958867,2.99031046e-05,0.0006345065007,0.0001953046519,0.02236098093,0.002773512951,0.01733165253,0.002255815453
MT,2020,0.0,10.12,0,0,0,0.05181305913,0.004698415754,4.99733013e-05,0.0005534080403,0.0002581953901,0.02120811381,0.002701334565,0.01603032454,0.002476454709
MT,2021,0.0,6.33,0,0,0,0.04998250811,0.004697950782,3.254304948e-05,0.0006508609897,0.0002612483695,0.02029330327,0.002473271761,0.01507285575,0.00274717576
MT,2022,0.0,6.23,0,0,0,0.04748024477,0.004289020872,4.631002603e-05,0.0005806564802,0.000239565327,0.01945110151,0.002031407103,0.01515762775,0.002262066656
MT,2023,0.0,7.06,0,0,0,0.04551328905,0.004419974365,2.824828833e-05,0.0005437795504,0.0002409932098,0.01833667016,0.001702842131,0.01472265477,0.001911173257
NC,2013,0.0,3.05,0,0,0,0.06906607092,0.003410222667,4.701024488e-05,0.0002562718317,0.0009417279077,0.03103193986,0.009156539749,0.02041270121,0.001462698894
NC,2014,0.0,2.72,0,0,0,0.06419971375,0.003291421149,5.00986531e-05,0.0002446584826,0.0008461441189,0.02872101458,0.007974136218,0.01937640858,0.001370469782
NC,2015,0.0,2.39,0,0,0,0.06209989531,0.003461221347,5.151872621e-05,0.0002581915273,0.0008790071255,0.02749475695,0.007449787179,0.01870737623,0.001337593543
NC,2016,0.0,3.64,0,0,0,0.06233822853,0.003718436195,6.675403766e-05,0.0002803078838,0.0009191971911,0.02734798712,0.00709699785,0.01874400211,0.001506987169
NC,2017,0.0,2.24,0,0,0,0.05910464618,0.003703995794,6.056003427e-05,0.0001892744479,0.0009623398372,0.0258483273,0.006352669704,0.01792645169,0.001569205904
NC,2018,0.0,2.89,0,0,0,0.05399988345,0.00356206621,5.52900488e-05,0.000253621426,0.0007294626125,0.02343787551,0.005533821087,0.01631499531,0.00158905912
NC,2019,0.0,3.34,0,0,0,0.05540374488,0.003787405546,6.218227997e-05,0.0003203387287,0.0007332366858,0.02391446689,0.005145321798,0.01698176164,0.001787383453
NC,2020,0.0,3.54,0,0,0,0.05291608019,0.004193165002,8.037111836e-05,0.0002756389763,0.0006923990713,0.0222648751,0.004712086977,0.01561708935,0.001935698766
NC,2021,0.0,2.84,0,0,0,0.05013399256,0.004195389217,9.417100413e-05,0.0003118527222,0.0005650260248,0.02087160706,0.004016416987,0.01497214857,0.001883041506
NC,2022,0.0,3.55,0,0,0,0.04949951738,0.004052818901,8.140968297e-05,0.0003126468307,0.0005467814528,0.02069693979,0.003710823459,0.01499648611,0.00198963022
NC,2022,0.0,3.55,0,0,0,0.04586909906,0.002856552554,3.721474577e-05,0.0005954359322,0.0002759024255,0.02007799697,0.00360084747,0.01390548225,0.002571667259
NC,2023,0.0,4.61,0,0,0,0.04912467741,0.003913805106,7.8907361e-05,0.0002815746882,0.0005183890605,0.0206485336,0.003553138478,0.01447751652,0.002617878599
ND,2014,0.0,1.36,0,0,0,0.04863385763,0.002703907897,3.107940111e-05,0.0005161883141,0.0002364737041,0.02142722015,0.003717366629,0.01561942598,0.002090427544
ND,2015,0.0,1.33,0,0,0,0.05234298097,0.002575198029,2.774713114e-05,0.0005166251561,0.0002100854215,0.02340800835,0.004354978298,0.0167619098,0.002291120257
ND,2016,0.0,1.33,0,0,0,0.05159169239,0.002521348743,2.117668236e-05,0.0004711811824,0.0002395612191,0.02309714274,0.004298866518,0.01621207389,0.002586202333
ND,2017,0.0,3.97,0,0,0,0.04975264044,0.002824507135,1.324194625e-05,0.0005376230177,0.0002423276163,0.02205181309,0.003902401559,0.0158161806,0.002333230929
ND,2018,0.0,5.28,0,0,0,0.04689478683,0.002841388772,2.374419586e-05,0.0005395208949,0.0002084212748,0.02060600464,0.003617032503,0.01462642465,0.002362547488
ND,2020,0.0,3.85,0,0,0,0.04906253552,0.003290174296,4.181317612e-05,0.0005174380544,0.0001973059248,0.02124109347,0.004176090965,0.01435498603,0.002710016477
ND,2021,0.0,5.14,0,0,0,0.04842313101,0.002763730599,1.79963853e-05,0.0005604588564,0.000263518499,0.02144783491,0.003990055712,0.01465805582,0.00279972337
ND,2022,0.0,3.85,0,0,0,,,,,,,,,
ND,2023,0.0,2.55,0,0,0,0.04416998543,0.002673721754,3.316639581e-05,0.0005000471983,0.0002589530134,0.01941127096,0.003200557195,0.01400897534,0.002201738429
NE,2013,0.0,2.68,0,0,0,0.0582743748,0.002647983995,2.99630438e-05,0.0004531910374,0.0005537812559,0.02632306903,0.004786061192,0.01915013037,0.002386877471
NE,2014,0.0,3.19,0,0,0,0.05634632338,0.002762111122,2.814687357e-05,0.0004662821698,0.0005544403021,0.0252397795,0.004214596013,0.01862101562,0.002404167862
NE,2015,0.0,4.76,0,0,0,0.05078560434,0.002728427234,3.273901461e-05,0.0004673230311,0.000524880331,0.02249328718,0.003402217276,0.01697570712,0.002115362783
NE,2016,0.0,4.2,0,0,0,0.05165068413,0.002967598604,2.568668638e-05,0.0005808336431,0.0004959103126,0.02264464881,0.003385924639,0.01677969682,0.002479027345
NE,2017,0.0,0.52,0,0,0,0.0519771065,0.0031180006,2.190266352e-05,0.0006210969584,0.0005319218284,0.02287055265,0.003396477322,0.01672111912,0.002752956208
NE,2018,0.0,0.52,0,0,0,0.04754431574,0.002899334965,2.284985464e-05,0.000669916193,0.0003822157504,0.0208728229,0.002756523374,0.01557269525,0.002543604274
NE,2019,0.0,3.1,0,0,0,0.04702543917,0.003046201149,2.32850436e-05,0.0006643999108,0.0004113691036,0.02046651844,0.002464592504,0.01542866989,0.002573256041
NE,2020,0.0,2.04,0,0,0,0.0448648604,0.003340813563,3.561194745e-05,0.0006002419548,0.0004123760291,0.01909161664,0.002299293129,0.01418697408,0.002605349431
NE,2021,0.0,6.11,0,0,0,0.04231103397,0.0029696153,2.902899538e-05,0.0006131738674,0.0003172818267,0.01818590169,0.002014714136,0.01382696885,0.002344218697
NE,2022,0.0,2.03,0,0,0,0.04356369634,0.002846656094,3.099714775e-05,0.0005716687086,0.0002921862288,0.01893519208,0.001828323568,0.01435117126,0.00275569725
NE,2023,0.0,2.53,0,0,0,0.0441159151,0.002297335344,3.234971661e-05,0.0004837293562,0.0002628414475,0.01976062221,0.001694821872,0.01389521421,0.004170586121
NH,2013,0.0,2.26,0,1,1,0.05099288078,0.002231940336,1.587762434e-05,0.0005882281781,0.0004876698906,0.02299155613,0.003994356639,0.01828799894,0.0007092005541
NH,2014,0.0,0.75,0,1,1,0.04358748069,0.00197666258,1.204822906e-05,0.0004487965325,0.0004096397881,0.01965216763,0.003155883,0.01585170437,0.0006445802548
NH,2015,0.0,2.99,0,1,1,0.03966435884,0.002023891239,1.12772543e-05,0.0004841701181,0.000357113053,0.01763236301,0.002617826633,0.01434166021,0.0006728761735
NH,2016,0.0,1.49,0,1,1,0.03477489017,0.001998479418,1.423204983e-05,0.0004561746497,0.0003228428145,0.01522304993,0.002238926154,0.01232495515,0.0006591686236
NH,2017,0.0,2.22,0,1,0,0.03140097513,0.001957374865,9.631291919e-06,0.0004585976691,0.0003267230566,0.0137431127,0.001892178428,0.01117748471,0.0006734495657
NH,2018,0.0,1.48,0,0,0,0.02897008789,0.001776181874,1.551573184e-05,0.0004270520479,0.0002526847757,0.01270886207,0.001409715065,0.0106364036,0.000662743403
NH,2019,0.0,1.47,0,0,0,0.02749005536,0.001581442449,2.425074387e-05,0.000445331842,0.0002403028257,0.01216358523,0.00131027504,0.01016032681,0.000692983378
NH,2020,0.0,2.9,0,0,0,0.02490567419,0.001463834148,8.783004886e-06,0.000396699054,0.0002049367807,0.01098900295,0.001033466908,0.009191414613,0.000764121425
NH,2021,0.0,1.44,0,0,0,0.02334550146,0.001297292622,9.369335606e-06,0.0005045026865,0.0001383778797,0.01037545811,0.0007372946404,0.008923931806,0.0007142316604
NH,2022,0.0,2.14,0,0,0,0.02322769491,0.001285808587,1.935163425e-05,0.0004157017727,0.0001612636187,0.01032803887,0.0007554304628,0.008894584481,0.0006780239258
NH,2023,0.0,2.85,0,0,0,0.01992219986,0.001071998653,1.854422155e-05,0.0003559064059,0.0001604788403,0.008889101276,0.0005556134072,0.007737219822,0.0005962680467
NJ,2013,0.0,1.69,1,1,0,0.04349715682,0.002889299694,4.533466973e-05,0.000133423075,0.001356000369,0.01881097036,0.004026593946,0.0132418755,0.001542500916
NJ,2014,0.0,1.58,1,1,0,0.03999186025,0.002608726587,3.937869371e-05,0.0001431952499,0.001174536663,0.01733389687,0.003547102959,0.01247745234,0.001309341566
NJ,2015,0.0,2.03,1,1,0,0.03784701359,0.00256048372,4.062483458e-05,0.0001536581209,0.001088812715,0.01630600282,0.00312911949,0.01185875853,0.001318124798
NJ,2016,0.0,1.58,1,1,0,0.0357339201,0.002434839286,4.210096748e-05,0.0001619439331,0.0009957212943,0.01537153101,0.002809961133,0.01130032291,0.001261246973
NJ,2017,0.0,1.8,1,1,0,0.03615665695,0.002318040201,3.645141842e-05,0.0001693190886,0.0008882220629,0.01576028827,0.002687842091,0.0117032679,0.001369178278
NJ,2018,0.0,1.58,1,1,1,0.03234089483,0.002085972074,3.207283347e-05,0.0001602516311,0.0007161807445,0.01408447534,0.00216429731,0.01067811536,0.001242062677
NJ,2019,0.0,1.58,1,1,1,0.03082106042,0.00206742398,2.957961629e-05,0.0001728664268,0.0006444532371,0.01334310623,0.001844395922,0.01033622014,0.001162490167
NJ,2020,0.0,1.29,1,1,1,0.02707115026,0.001953645035,3.703965979e-05,0.0001437679196,0.0004935619104,0.0115819301,0.00146165928,0.00896314734,0.001157123475
NJ,2021,1.0,1.62,1,1,1,0.02585768326,0.001834599865,4.110936591e-05,0.0001636821735,0.0004368814241,0.01109424176,0.001243962939,0.008529599984,0.001320678842
NJ,2022,1.0,1.19,1,1,1,0.03313128617,0.002179405744,3.411900991e-05,0.0001778291434,0.0005120010918,0.01438623734,0.001526285836,0.01122180714,0.001638144362
NJ,2023,1.0,1.61,1,1,1,0.03485884647,0.002213362601,2.841508105e-05,0.0001786705854,0.0004988784115,0.01521606063,0.00154797612,0.01176093747,0.001907147049
NM,2013,0.0,8.6,1,1,1,0.08866330122,0.006224558495,5.893923748e-05,0.0007499179403,0.0008778592119,0.03783515702,0.01045955834,0.02450818081,0.002867417862
NM,2014,0.0,8.61,1,1,1,0.08331259557,0.005976791923,4.842807735e-05,0.0007101186392,0.001000207617,0.0354229809,0.008872886846,0.02353412765,0.003015966401
NM,2015,0.0,9.57,1,1,1,0.08796016782,0.006572040563,5.624113121e-05,0.0007993931726,0.001194523171,0.03711530105,0.008212166543,0.0247485012,0.004154633308
NM,2016,0.0,10.52,1,1,1,0.09309677803,0.006993754771,6.665285658e-05,0.0007322223885,0.001312437903,0.03928682402,0.008286052962,0.02536980347,0.005630967588
NM,2017,0.0,10.52,1,1,1,0.09378545377,0.007786394828,6.878778253e-05,0.0005942500102,0.00178275003,0.03910633206,0.00853732812,0.02497569737,0.005593306567
NM,2018,0.0,10.03,1,1,1,0.08444332098,0.008427703189,7.310985927e-05,0.0006221505671,0.001264370507,0.0337939573,0.007694215385,0.02130794016,0.004791801757
NM,2019,0.0,10.02,1,1,1,0.08005776245,0.008240483818,8.811059451e-05,0.0006453505706,0.00117972942,0.03178839741,0.006972643804,0.02036021516,0.004455538441
NM,2020,1.0,10.38,1,1,1,0.07240308804,0.007782771745,7.786095079e-05,0.0005554714172,0.0009903533131,0.02841877228,0.006487621296,0.01765544535,0.004275705627
NM,2021,1.0,13.23,1,1,1,0.07186358618,0.008208148905,0.0001289757483,0.000665193603,0.001187238299,0.02772364418,0.00607225382,0.01684763429,0.004803756076
NM,2022,1.0,15.14,1,1,1,0.0750592426,0.007767784137,0.0001225545865,0.0005564640683,0.001102991278,0.02976183716,0.00602836074,0.01833776233,0.005395714091
NM,2023,1.0,11.35,1,1,1,0.07273652543,0.007493481513,0.0001154007504,0.0005268706391,0.0007292949061,0.0288747812,0.005178845151,0.01850053751,0.005195398537
NV,2013,0.0,4.32,0,0,0,0.06921741548,0.006049807021,5.839167127e-05,0.0005308985081,0.001856711854,0.02836366476,0.00825615244,0.01652591766,0.003581594659
NV,2014,0.0,7.81,0,0,0,0.06561048747,0.0063570168,5.989540852e-05,0.0004781062904,0.002097748602,0.02627435409,0.007724393744,0.01496187305,0.003588087297
NV,2015,0.0,6.98,0,0,0,0.06787740164,0.006976313546,6.172501299e-05,0.0005853473142,0.002180141329,0.02674877712,0.007753771294,0.01505882255,0.003936183272
NV,2016,0.0,4.8,0,0,0,0.06565475457,0.006778590758,7.757070331e-05,0.0005882445001,0.002156329463,0.02583036376,0.006401624358,0.01495243351,0.004476305893
NV,2017,0.0,5.72,0,0,0,0.06390986423,0.005605898254,8.94898239e-05,0.0006378673162,0.001628647509,0.02634903386,0.006745043155,0.01529367633,0.004310314375
NV,2018,0.0,7.6,0,1,1,0.05992915896,0.005521346951,6.67252219e-05,0.0007693219892,0.001275706965,0.02444323253,0.005860258227,0.01464684685,0.003936127446
NV,2019,0.0,4.22,0,1,1,0.05653087854,0.00496122165,4.659031679e-05,0.0006972370324,0.001064135777,0.02330421762,0.005056990634,0.01460056407,0.00364666292
NV,2020,0.0,8.34,0,1,1,0.04773793368,0.004602870573,5.735664265e-05,0.0005898174752,0.000887434721,0.01926609627,0.003688032122,0.0122144157,0.003363648443
NV,2021,0.0,4.77,0,1,1,0.05328499028,0.004319854869,7.595977882e-05,0.0006114921107,0.0007513343813,0.02232264027,0.004062735785,0.01393655356,0.004323350926
NV,2022,0.0,5.66,0,1,1,0.05716017386,0.00459346989,7.143369631e-05,0.0006054556463,0.0008764001949,0.02398661704,0.004396476525,0.01465869798,0.004931442533
NV,2023,0.0,6.89,0,1,1,0.05867491334,0.004167898074,6.824921357e-05,0.0004952764031,0.000717242882,0.0251695586,0.004006354064,0.01437052936,0.006792675169
NY,2013,0.0,1.27,0,1,1,0.04442126395,0.003938071699,3.269752555e-05,0.0001801410258,0.001383095176,0.01820719061,0.002865806106,0.01455527303,0.0007861114722
NY,2014,0.0,0.97,0,1,1,0.04225489899,0.003846905983,3.119167701e-05,0.0003050809318,0.001217083033,0.01717127137,0.002569161214,0.01380454505,0.0007975651048
NY,2015,0.0,1.17,0,1,1,0.03996094025,0.003804390733,3.104240235e-05,0.000310981065,0.001209235768,0.01606431662,0.002234090807,0.01305690032,0.0007733254915
NY,2016,0.0,1.12,0,1,1,0.038498235,0.003746417046,3.170956499e-05,0.0003166419359,0.00112470651,0.01538715463,0.002008944618,0.01265307427,0.0007251357437
NY,2017,0.0,0.92,0,1,1,0.0371743375,0.003611199773,2.807451835e-05,0.0003214277128,0.001027119015,0.01497596898,0.001782885049,0.01251066896,0.0006824149742
NY,2018,0.0,0.97,0,1,1,0.03584728201,0.003507975868,2.877572451e-05,0.0003367579006,0.0009314220722,0.01441566514,0.001595363033,0.01214740073,0.0006729013728
NY,2019,0.0,1.44,0,1,1,0.03494268214,0.00360990223,2.902924509e-05,0.0003412606122,0.0009333030744,0.01386143884,0.001441957103,0.01174898324,0.0006704984928
NY,2020,0.0,1.44,0,1,1,0.03548957696,0.003637576398,4.178566272e-05,0.0002827772324,0.0009063041326,0.01410721208,0.001655032876,0.01143567056,0.001016508647
NY,2021,0.0,1.46,0,1,1,0.02712175334,0.003083319888,4.386253813e-05,0.0002477654278,0.0009064588821,0.01047755678,0.001495757873,0.007893494304,0.001088304606
NY,2022,0.0,1.42,0,1,1,0.04297573363,0.004294270039,4.075793289e-05,0.0002980614419,0.00111459225,0.01719359678,0.001616544997,0.01421801357,0.001359038206
NY,2023,0.0,1.74,0,1,1,0.04376968708,0.003898480299,3.040179006e-05,0.0002503676828,0.001051442077,0.01798636324,0.001528009297,0.01463746555,0.00182088839
OH,2013,0.0,2.51,0,0,0,0.06462717567,0.002914101748,4.13065843e-05,0.0003794502336,0.001251554938,0.02924419753,0.007871583187,0.01968535271,0.001687261628
OH,2014,0.0,2.5,0,0,0,0.06166414791,0.002856773796,4.00103544e-05,0.0004508063207,0.00110200933,0.02781038679,0.006852290567,0.01939657142,0.001561524802
OH,2015,0.0,2.75,0,0,0,0.05861410812,0.002961889998,4.498026297e-05,0.0004688459977,0.00108719536,0.02617325673,0.006031319016,0.01864302647,0.001498911254
OH,2016,0.0,2.32,0,0,0,0.05830585945,0.003076690373,5.876505284e-05,0.0004950719093,0.001081862042,0.02589319009,0.005771623001,0.01842125233,0.00170031475
OH,2017,0.0,2.92,0,0,0,0.05404226925,0.002968159903,6.352810398e-05,0.0005000802032,0.0009622664496,0.02405297472,0.004931444088,0.01734548718,0.001776043458
OH,2018,0.0,2.91,0,0,0,0.05006260095,0.00294835514,5.104338765e-05,0.0005011844036,0.0008228605177,0.02208294533,0.004235573456,0.01613801789,0.001709353983
OH,2019,0.0,2.05,0,0,0,0.04704960207,0.002959687025,4.99294362e-05,0.0005001493181,0.0007575765996,0.02056511401,0.003781641818,0.01518487528,0.001598596914
OH,2020,0.0,1.95,0,0,0,0.0431817865,0.003087601983,7.012612526e-05,0.0004320453473,0.0006692768979,0.01850329127,0.00318808759,0.01359822536,0.001716978313
OH,2021,0.0,2.55,0,0,0,0.04075060042,0.003174083174,7.505732152e-05,0.000480179852,0.0005930633434,0.01720121703,0.002723824248,0.01264771119,0.001829681592
OH,2022,0.0,3.57,0,0,0,0.04209506282,0.002980420818,6.269108233e-05,0.000510460224,0.0005364893572,0.01806711059,0.002595257696,0.01310685946,0.002364993436
OH,2023,0.0,2.88,0,0,0,0.03958039816,0.002865279674,5.421716648e-05,0.0004703911909,0.0004969482693,0.01692491941,0.002334647188,0.01189638327,0.002693888945
OK,2013,0.0,4.93,0,0,0,0.07498472666,0.004460543383,5.138695467e-05,0.0006005525914,0.000784559414,0.03280927291,0.008697371843,0.02118388277,0.002928018296
OK,2014,0.0,7.22,0,0,0,0.06917061251,0.004137529288,4.639641613e-05,0.0004799451491,0.0007920899266,0.03027237274,0.007723198981,0.01977492583,0.002774247927
OK,2015,0.0,9.46,0,0,0,0.06731306178,0.00428569893,6.142169732e-05,0.0004998190619,0.0007723778438,0.02918938203,0.007366252974,0.01911187297,0.002711256089
OK,2016,0.0,7.9,0,0,0,0.06969104156,0.004553444896,6.29908087e-05,0.0005355493857,0.0008094446429,0.03009532524,0.007491570835,0.01947308571,0.003130668695
OK,2017,0.0,7.63,0,0,0,0.06692705155,0.00457428089,6.179055291e-05,0.0005645062859,0.000764626307,0.02888924488,0.007310356402,0.01844715001,0.003131738476
OK,2018,0.0,8.63,0,0,0,0.06755739188,0.004746163617,5.456527339e-05,0.0006169682773,0.0007118864738,0.02903253232,0.006897558141,0.01872959354,0.003405380644
OK,2019,0.0,9.6,0,0,0,0.06604074658,0.004362639105,6.943259181e-05,0.0005966153253,0.0006016649683,0.02865773418,0.006771571318,0.01848144105,0.00340472182
OK,2020,0.0,7.82,0,0,0,0.06328403231,0.00458578124,7.435723073e-05,0.0005280368209,0.0005905873292,0.02705623492,0.006133215501,0.01714310979,0.003779909631
OK,2021,0.0,5.01,0,0,0,0.06133004278,0.004380359413,7.616709156e-05,0.0006311345514,0.0004497366097,0.02628466198,0.005997406811,0.01641851812,0.003868737042
OK,2022,0.0,7.96,0,0,0,0.05556445594,0.00427036171,6.965520673e-05,0.0006199313399,0.0004129558685,0.02351186626,0.004896761033,0.01545997313,0.003155132096
OK,2023,0.0,6.91,0,0,0,0.05124396126,0.004136834752,6.093012425e-05,0.00058611326,0.0003724878041,0.02148514588,0.004584806839,0.01426208933,0.002638249712
OR,2013,0.0,3.06,0,1,1,0.06879667053,0.002427656548,2.087540236e-05,0.0003727023056,0.0006094599177,0.03184338968,0.005297260638,0.02402275113,0.002523377905
OR,2014,0.0,4.04,0,1,1,0.06749518156,0.002592162272,2.115228588e-05,0.000407936942,0.0005716153447,0.03100874748,0.004706383609,0.02371498604,0.002587377827
OR,2015,0.0,3.98,0,1,1,0.06511325005,0.002653657451,2.733167786e-05,0.0004099751679,0.0005374401747,0.02975475534,0.004606878539,0.02248999536,0.002657881437
OR,2016,0.0,3.91,0,1,1,0.065272814,0.00268796612,2.838969953e-05,0.0004366139997,0.0005646123864,0.02978862645,0.004140735572,0.02239531237,0.003252578507
OR,2017,0.0,2.9,0,1,1,0.0647051844,0.00280447172,2.532199937e-05,0.0004803945023,0.0005966345375,0.02954812048,0.004199834466,0.02124419282,0.004104093193
OR,2018,0.0,4.54,0,1,1,0.06434752167,0.002904431159,2.056488388e-05,0.000505513541,0.0006014032903,0.02926932968,0.003949175085,0.02132793673,0.003992217865
OR,2019,0.0,4.74,0,1,1,0.06164393959,0.002936826216,2.775065961e-05,0.0004473311455,0.0005524041559,0.02788514358,0.003587899384,0.02061660543,0.003680638768
OR,2020,0.0,3.77,0,1,1,0.05901770291,0.002918773917,2.947065748e-05,0.0003689726317,0.0005139682665,0.02659007754,0.003391719028,0.01928819167,0.003910166835
OR,2021,0.0,3.99,0,1,1,0.06064326748,0.003412822542,4.792894112e-05,0.0004405233558,0.0006059251919,0.0269088112,0.003382044644,0.01880153683,0.004725229724
OR,2022,0.0,5.43,0,1,1,0.06599409406,0.003493990878,4.740412869e-05,0.0004379575471,0.0006900720425,0.02950305615,0.003699880452,0.02032339993,0.005479775771
OR,2023,0.0,4.96,0,1,1,0.05833903015,0.003262894374,4.464540915e-05,0.0004041708733,0.0006240908518,0.0259066207,0.003397539258,0.01837524726,0.004133834181
PA,2013,0.0,2.9,0,0,0,0.04809606162,0.003350599188,4.780422893e-05,0.0002969182468,0.001153169444,0.02059071318,0.004068445015,0.01544522559,0.001077042578
PA,2014,0.0,1.17,0,0,0,0.04512705288,0.003149815062,4.767946767e-05,0.000300067994,0.001058718671,0.01930486932,0.003573458857,0.01471114801,0.001020262445
PA,2015,0.0,1.64,0,0,0,0.04281481475,0.00315418252,5.198600615e-05,0.0003360719405,0.001013531684,0.01813185903,0.003093597325,0.01408984933,0.0009484123708
PA,2016,0.0,1.88,0,0,0,0.04135547703,0.00315857758,5.270943299e-05,0.0003487112192,0.0009630029049,0.01739207959,0.002751057024,0.01361897571,0.001022046854
PA,2017,0.0,2.03,0,0,0,0.0391457781,0.003129679518,5.801204602e-05,0.0003296210054,0.0009207653181,0.01644320953,0.002496003463,0.0129341844,0.001013021672
PA,2018,0.0,2.42,0,0,0,0.03589303958,0.003054389364,6.12455884e-05,0.0003507559846,0.0007697883012,0.01489213043,0.002113441516,0.01175235659,0.001026332322
PA,2019,0.0,1.25,0,0,1,0.03419517156,0.003059642002,5.281710912e-05,0.0003394827502,0.0007617070958,0.01403794378,0.001822346528,0.01124605952,0.0009695377323
PA,2020,0.0,1.69,0,0,1,0.04067196036,0.003895174108,7.893138946e-05,0.0003307452078,0.0008392229396,0.01644080607,0.002485595608,0.01274472055,0.001210489911
PA,2021,0.0,2.0,0,0,1,0.03056072832,0.002817693956,8.353789358e-05,0.0003311543546,0.0006307226243,0.0124626702,0.001421296968,0.009711991008,0.001329382229
PA,2022,0.0,2.0,0,1,1,0.03581141794,0.002872184476,8.132896619e-05,0.000311902367,0.0006928765385,0.01503352449,0.001517035759,0.01186570344,0.001650785291
PA,2023,0.0,2.62,0,1,1,0.03690940443,0.002664314503,6.642655896e-05,0.0002512019465,0.0006349484091,0.01579038771,0.0013806849,0.01176151276,0.002648190054
RI,2013,0.0,0.95,0,1,1,0.05433595923,0.002572734332,2.942980233e-05,0.0004262574595,0.0006484049996,0.02443717876,0.005336287706,0.01697529985,0.002125591207
RI,2014,0.0,0.95,0,1,1,0.04822036445,0.002199246,2.464672241e-05,0.0003469500155,0.0005024139569,0.02178580671,0.004578602664,0.01546771422,0.001739489832
RI,2016,0.0,1.89,0,1,1,0.04085607896,0.002391340115,2.742145644e-05,0.0004207775212,0.0005115519977,0.01788068073,0.003451321241,0.01338639858,0.001042960912
RI,2017,0.0,0.95,0,1,1,0.03986612222,0.002341725304,1.98772156e-05,0.0004297264706,0.0004486571521,0.01759133581,0.003046893191,0.01313978605,0.001404656569
RI,2018,0.0,0.94,0,1,1,0.03770432784,0.002197891498,1.511877213e-05,0.0004667920895,0.0004280502359,0.01665427242,0.002661848818,0.01253913163,0.001453291971
RI,2021,0.0,1.82,0,1,1,0.02857468425,0.002004585295,3.372881124e-05,0.0004202427563,0.0002525102896,0.01228275683,0.001373765366,0.00940304562,0.001505945842
RI,2022,0.0,0.91,0,1,1,0.02920454151,0.001734425372,1.645738361e-05,0.0003876628138,0.000245946455,0.01286784538,0.00128459022,0.009982317456,0.001600937705
RI,2023,0.0,1.82,0,1,1,0.02577461627,0.001677977886,2.554833106e-05,0.0003668010387,0.0002198981352,0.01120933025,0.001183435192,0.008624386612,0.001401508446
SC,2013,0.0,3.15,2,0,0,0.08315023128,0.005084526614,6.391545222e-05,0.0004679449338,0.0008309008789,0.0363083776,0.008577244129,0.02509048228,0.002640651192
SC,2014,0.0,3.73,2,0,0,0.07996421738,0.004977677277,6.667826289e-05,0.000452459641,0.0008320287586,0.03484684707,0.007695541254,0.0244707154,0.002680590413
SC,2015,0.0,4.09,2,0,0,0.07687145264,0.004994653547,8.314888717e-05,0.000498280432,0.0008069732293,0.03326568378,0.007138546476,0.02344880337,0.002678333933
SC,2016,1.0,3.63,2,0,0,0.07563335942,0.005068125429,7.218000969e-05,0.0005022357657,0.000820795585,0.0325685075,0.006683505981,0.02307643298,0.002808568533
SC,2017,1.0,2.39,2,0,0,0.07399796743,0.005060922457,7.567883416e-05,0.0005130228337,0.0007735173471,0.03193806126,0.006206660176,0.02288906339,0.002842337687
SC,2018,1.0,2.75,2,0,0,0.07151354128,0.00500830423,8.083937629e-05,0.0005212271221,0.0007065086122,0.03074846641,0.005892226753,0.02191651869,0.002939720968
SC,2019,1.0,3.88,2,0,0,0.06913039955,0.005100527328,8.821758217e-05,0.0004901407642,0.0006446669466,0.02946467245,0.005320004917,0.0212044046,0.002940262931
SC,2020,1.0,2.92,2,0,0,0.0650351473,0.005306781857,0.0001052119187,0.0003997669623,0.0005983089436,0.02721079179,0.004480034649,0.01991015784,0.002820599305
SC,2021,1.0,4.24,2,0,0,0.06015251289,0.005138384978,0.0001136086617,0.0004442291229,0.0004967971985,0.02493787147,0.003875210706,0.01821281637,0.002849844395
SC,2022,1.0,4.92,2,0,0,0.05661304569,0.004990124245,0.0001058184232,0.0004001791531,0.0004068046357,0.0233163986,0.003561480882,0.01722606563,0.002528852084
SC,2023,1.0,3.91,2,0,0,0.05328241732,0.004710475653,8.969853291e-05,0.0003643770279,0.0003922915091,0.02193073301,0.003212584593,0.01617737234,0.002540776078
SD,2013,0.0,2.37,0,0,0,0.04549680075,0.00323236863,2.128892621e-05,0.0005996380883,0.0001845040272,0.01924755473,0.004001135409,0.01413939516,0.001107024163
SD,2014,0.0,3.53,0,0,0,0.04454449997,0.003282534712,2.695405155e-05,0.000560175506,0.0002332111416,0.0187928335,0.003301285357,0.01430791371,0.001183634437
SD,2015,0.0,3.51,0,0,0,0.04714780766,0.003848848201,3.846516979e-05,0.0005828056029,0.0002506064092,0.01951116597,0.00346069967,0.01465872652,0.00139173978
SD,2016,0.0,6.95,0,0,0,0.04883337086,0.004220339809,3.249986652e-05,0.0006105332067,0.0003180344081,0.01997232869,0.003484449975,0.01474681443,0.001741064278
SD,2017,0.0,3.44,0,0,0,0.04658496758,0.004297561166,3.091770623e-05,0.0006584326326,0.0003023064609,0.01899492263,0.003246359154,0.01406755633,0.001681007139
SD,2018,0.0,4.55,0,0,0,0.04250379539,0.003963819196,1.365656915e-05,0.0007021752639,0.0002526465293,0.0172880785,0.002847394668,0.01278823896,0.001652444867
SD,2019,0.0,4.52,0,0,0,0.04330608808,0.003971246507,1.803574911e-05,0.0007293206046,0.0002141745207,0.01768179753,0.003000697758,0.01269829461,0.001982805168
SD,2020,0.0,2.25,0,0,0,0.04916227651,0.005013906983,4.480703291e-05,0.0006709853179,0.0003069281754,0.01956723127,0.003400853798,0.01357317044,0.00259320703
SD,2021,0.0,4.46,0,0,0,0.04139644083,0.003917809687,3.0128414e-05,0.0006594775063,0.0001963926246,0.01678041073,0.002697050986,0.01174784972,0.002335510018
SD,2022,0.0,7.69,0,0,0,0.04233126407,0.00378974395,4.396454699e-05,0.0005594488604,0.0002527961452,0.01737588808,0.002627980796,0.01232875809,0.002419149198
SD,2023,0.0,3.26,0,0,0,0.03936178776,0.003497157676,2.93695979e-05,0.0005025464529,0.0002044994224,0.0161837362,0.002221211811,0.01151397014,0.002448554254
TN,2013,0.0,3.23,0,0,0,0.07593898298,0.005858307544,5.156012472e-05,0.0003847770502,0.001128628044,0.03196466084,0.007900858037,0.02223134058,0.001832462224
TN,2014,0.0,3.36,0,0,0,0.07386779548,0.006107261714,5.635498694e-05,0.000396317591,0.001109994702,0.03068383951,0.007147156311,0.02160488312,0.001931800081
TN,2015,0.0,3.49,0,0,0,0.07213858381,0.006188878457,6.338081132e-05,0.0004247120874,0.001137063885,0.02972635865,0.006634212052,0.02111566604,0.001976480564
TN,2016,0.0,3.76,0,0,0,0.07058858207,0.006385384314,7.444276209e-05,0.0004215415397,0.001177398756,0.0287543064,0.006106863111,0.02035565894,0.002291784346
TN,2017,0.0,4.32,0,0,0,0.07213457441,0.006549612345,8.019325083e-05,0.0004513478876,0.001172639971,0.02951767486,0.005786285881,0.02096293313,0.002768455851
TN,2018,0.0,3.99,0,0,0,0.0695796921,0.006303798893,7.501885439e-05,0.0004446491547,0.001066508202,0.02848604716,0.004952721139,0.0204839868,0.003049339221
TN,2019,0.0,4.83,0,0,0,0.06521183106,0.005989173282,7.539904763e-05,0.0004308726159,0.0009024460769,0.02661674225,0.004387638948,0.01940464034,0.002824462965
TN,2020,0.0,4.19,0,0,0,0.06331007833,0.006727038869,9.627065209e-05,0.000388857928,0.0008095156642,0.0249280003,0.003844872695,0.01801960088,0.003063526724
TN,2021,0.0,5.89,0,0,0,0.05855215961,0.006717945178,0.0001017457358,0.0004329575247,0.0007089195134,0.02255813463,0.003389898127,0.01619292714,0.002975309367
TN,2022,0.0,4.97,0,0,0,0.05937340412,0.006373824886,9.175562258e-05,0.0004081494309,0.0006892307972,0.02331287717,0.003236122955,0.01640482751,0.003671926708
TN,2023,0.0,6.03,0,0,0,0.05980027472,0.006282055582,9.864605137e-05,0.0003757811175,0.0007149383097,0.02361808178,0.002967099227,0.01613725917,0.004513723378
TX,2013,0.0,3.81,0,0,0,0.07355801334,0.004103164923,4.300971903e-05,0.0003944821247,0.001200122072,0.03253228738,0.007208353453,0.02284193359,0.002482000338
TX,2014,0.0,3.78,0,0,0,0.06875149699,0.004066521473,4.418238459e-05,0.0004312971703,0.001149816906,0.03015355084,0.006230198082,0.02138761006,0.002535742697
TX,2015,0.0,4.11,0,0,0,0.0653962307,0.004126667507,4.801375621e-05,0.0004492585557,0.001163850534,0.02840846721,0.005580350511,0.02036676458,0.002461352116
TX,2016,0.0,3.3,0,0,0,0.06421164168,0.004338455428,5.296568032e-05,0.0004818515139,0.001193268757,0.02758988738,0.005332260736,0.01978529763,0.002472329016
TX,2017,0.0,2.79,0,0,0,0.05981961406,0.004377546123,4.960682268e-05,0.0005132275975,0.001134071989,0.02553226091,0.00471204793,0.01842220858,0.0023980044
TX,2018,0.0,3.91,0,0,0,0.0558419313,0.004128624086,4.635214229e-05,0.0005273735074,0.0009898819596,0.02379234156,0.004118145079,0.01722881534,0.002445381144
TX,2019,0.0,3.9,0,0,0,0.05654768168,0.004217886255,4.940180691e-05,0.0005279300636,0.001004802394,0.02405595458,0.003949867654,0.01740313192,0.002702955008
TX,2020,0.0,3.22,0,0,0,0.05382994357,0.00446459848,6.576805457e-05,0.0004601039094,0.0009139409509,0.0224503733,0.003707363287,0.01587264825,0.002870361764
TX,2021,0.0,3.69,0,0,0,0.05249944653,0.004530248524,7.060487846e-05,0.0005507992459,0.0007647790524,0.02171947474,0.003328510866,0.01536621976,0.003024744117
TX,2022,0.0,4.4,0,0,0,0.0549092741,0.004362366537,6.909855392e-05,0.0005267474342,0.0007063037728,0.02309227051,0.003359754844,0.01641142271,0.003321092955
TX,2023,0.0,4.62,0,0,0,0.05288673511,0.004060413003,6.048525699e-05,0.0004949300405,0.0006884500796,0.02238295455,0.003038785868,0.01524477629,0.00409939239
UT,2013,0.0,2.42,0,0,0,0.06575818343,0.002288834834,1.756932217e-05,0.0005243236931,0.0004295871519,0.030430755,0.004728903636,0.02312088348,0.002580967877
UT,2014,0.0,6.13,0,0,0,0.0628249705,0.002195280825,2.241468665e-05,0.0005253866703,0.0004459164177,0.02902803806,0.003958569508,0.02258007986,0.002489388684
UT,2015,0.0,3.69,0,0,0,0.0652427313,0.002386786472,1.905951652e-05,0.0005697792306,0.0004443876746,0.03002609482,0.004215162548,0.02289281998,0.002918112292
UT,2016,0.0,2.96,0,0,0,0.06473693149,0.002432726378,2.430755495e-05,0.0005124295368,0.0005019181617,0.02974752005,0.004249880351,0.02242240552,0.003075234182
UT,2017,0.0,1.93,0,0,0,0.06040118358,0.002421757729,2.384698229e-05,0.0005665269577,0.0004827402632,0.02777883406,0.003796181776,0.02093217209,0.003050480194
UT,2018,0.0,6.02,0,0,0,0.05317499326,0.002394444356,1.997748569e-05,0.0005879088646,0.000392256346,0.02419305227,0.003196080608,0.01852071475,0.002476256917
UT,2019,0.0,3.74,0,0,0,0.04810976396,0.002368745792,2.403708829e-05,0.0005821970086,0.0003527520749,0.02168613619,0.002702767668,0.01688152806,0.002101840461
UT,2020,0.0,5.18,0,0,0,0.05450172145,0.002606558583,3.13857839e-05,0.0005566361086,0.0004190925262,0.02464430214,0.002905954345,0.01857269148,0.003165656321
UT,2021,0.0,4.19,0,0,0,0.04716761607,0.00259140676,2.815118865e-05,0.00065196955,0.0003303272456,0.02099240128,0.002392252074,0.01603300038,0.002567148821
UT,2022,0.0,4.14,0,0,0,0.04295669664,0.0024384761,2.218409844e-05,0.0006190842404,0.0002943090393,0.01903987222,0.00204182442,0.01491126361,0.002086784193
UT,2023,0.0,5.85,0,0,0,0.0372714787,0.002322006335,1.989622364e-05,0.0005439276433,0.0002636249632,0.01631373302,0.001696445657,0.01313911498,0.00147817238
VA,2013,0.0,2.18,0,0,0,0.04562107143,0.00197754749,3.869246083e-05,0.0002841477593,0.0005530603621,0.02074375374,0.003230457738,0.01647029235,0.001043003647
VA,2014,0.0,1.32,0,0,0,0.04305893134,0.001983886357,4.202640267e-05,0.0002901022538,0.000515603923,0.01944429568,0.002786950874,0.01573000222,0.0009273425937
VA,2015,0.0,2.39,0,0,0,0.0419216436,0.001996393942,4.660841889e-05,0.0002986524072,0.0005328895893,0.01885884186,0.002574457845,0.01530477066,0.0009796133581
VA,2016,0.0,2.14,0,0,0,0.04202401128,0.002198022908,5.728288953e-05,0.0003363289987,0.0005735419603,0.01869323705,0.002395779606,0.01512708007,0.001170377378
VA,2017,0.0,3.07,0,0,0,0.04024142587,0.002104024154,5.5521383e-05,0.000357463202,0.0005116236378,0.01801668878,0.002188251274,0.01462598611,0.001202451399
VA,2018,0.0,2.12,0,1,1,0.03770911836,0.002041691104,4.905140234e-05,0.0003613570935,0.0004246416366,0.01681286808,0.001841956617,0.01370333853,0.00126757293
VA,2019,0.0,1.29,0,0,1,0.03713138869,0.002093812035,5.224011943e-05,0.0003406710249,0.000411376332,0.01647188231,0.001632883554,0.01363338562,0.001205613137
VA,2020,0.0,1.85,0,0,1,0.03330142623,0.002086591996,6.099716631e-05,0.0002652911107,0.0003430508571,0.01456412112,0.00133460403,0.01196615402,0.001263363065
VA,2021,0.0,2.54,0,0,1,0.03349841436,0.002255420674,6.618642046e-05,0.0003293149821,0.0003372850746,0.0144937865,0.001213764234,0.01195583183,0.001324190444
VA,2022,0.0,3.46,0,0,1,0.03903188291,0.002375046625,7.381714928e-05,0.0003214097717,0.0003869354471,0.01714089483,0.001260304028,0.01425730447,0.001623286328
VA,2023,0.0,3.21,0,0,0,0.03789828422,0.002362289285,5.966246192e-05,0.0002977386321,0.0003766766586,0.01658685283,0.001223654147,0.01363505252,0.001728146157
VT,2013,0.0,1.6,0,1,1,0.04694387059,0.001236330571,1.595265253e-05,0.0002169560744,0.000119644894,0.02214547224,0.005347329127,0.01626053872,0.0005376043902
VT,2014,0.0,1.6,0,1,1,0.0332069174,0.001025899577,1.595489233e-05,0.0001866722402,0.0001148752248,0.01550975083,0.003337763475,0.01176673309,0.0004052542651
VT,2015,0.0,1.6,0,1,1,0.03150675304,0.001193123011,1.59721956e-05,0.000239582934,0.0001677080538,0.01447719809,0.003248744585,0.01091539847,0.0003130550338
VT,2016,0.0,3.21,0,1,1,0.03406090279,0.001365195379,2.245914841e-05,0.0002727182307,0.0001251295412,0.01556900253,0.003022359686,0.01225146546,0.0002951773791
VT,2017,0.0,1.6,0,1,1,0.03337256315,0.001732516713,2.722068772e-05,0.0004067090989,0.0001601216925,0.01495376486,0.003114366919,0.01147912413,0.0003602738081
VT,2018,0.0,3.2,0,1,1,0.03000201807,0.001849900218,1.761809731e-05,0.0005221363384,0.0001169201003,0.01315110882,0.002396061234,0.01033221325,0.0004228343354
VT,2019,0.0,6.41,0,1,1,0.03288539627,0.002071962644,1.762690571e-05,0.0004775289001,0.0001137736641,0.01437073549,0.002060745522,0.01182284639,0.000487143576
VT,2020,0.0,1.56,0,1,1,0.02780794646,0.001734186577,2.245940062e-05,0.000341703738,0.0001026715457,0.01216978665,0.001541677428,0.0102045891,0.000423520126
VT,2021,0.0,3.09,0,1,1,0.03155623427,0.001939805741,1.391095751e-05,0.0004374223305,0.0001066506742,0.0138383114,0.001817698448,0.01128178654,0.0007388264098
VT,2022,0.0,3.09,0,1,1,0.03843514706,0.002234709395,3.3999728e-05,0.0004126330626,0.0001421806807,0.01698286414,0.001563987488,0.01444679352,0.0009720831324
VT,2023,0.0,1.54,0,1,1,0.04008562638,0.00210359186,2.471179865e-05,0.0003058085083,0.0001451818171,0.01793922133,0.001386949699,0.01563639059,0.0009158810374
WA,2013,0.0,4.16,0,1,1,0.0804153638,0.002899877856,2.394697137e-05,0.0003734006793,0.0008358496773,0.03715924679,0.008386745595,0.02469649723,0.004076003959
WA,2014,0.0,4.68,0,1,1,0.07997589183,0.002857783606,2.520116333e-05,0.0003935912026,0.0007986503503,0.03698865353,0.007840818126,0.02482130535,0.004326530057
WA,2015,0.0,2.65,0,1,1,0.07569023042,0.002863710827,3.044569424e-05,0.0003879731128,0.000761142356,0.03484132626,0.007138537685,0.02393660033,0.003766188241
WA,2016,0.0,3.7,0,1,1,0.07643140289,0.003035462209,2.678227821e-05,0.0004303019365,0.0007758619979,0.03502215512,0.006764104715,0.02381878479,0.004439265622
WA,2017,0.0,5.52,0,1,1,0.06940714022,0.003027837303,3.043593962e-05,0.0004444185874,0.0007253450035,0.03167573281,0.005883428735,0.021837652,0.003954652066
WA,2018,0.0,3.59,0,1,1,0.0656510633,0.003152500396,3.136684065e-05,0.0004798063337,0.0007385827691,0.02967303126,0.005374096758,0.02059326126,0.003705673238
WA,2019,0.0,5.38,0,1,1,0.06058136933,0.003033218703,2.692400234e-05,0.000459284079,0.0007034388124,0.02725746596,0.004593628809,0.0194086596,0.003255177551
WA,2020,0.0,4.66,0,1,1,0.06052267777,0.002936982005,3.912336624e-05,0.0003479510014,0.0006736757715,0.02732435688,0.005220824757,0.01854226597,0.003561266152
WA,2021,0.0,1.81,0,1,1,0.0674247763,0.003357170402,4.276074202e-05,0.0004011241812,0.0007406263867,0.03035521775,0.005338245867,0.02041599355,0.00460097833
WA,2022,0.0,5.27,0,1,1,0.07499332758,0.003789469682,5.137567357e-05,0.000412032902,0.0008690195184,0.03370719411,0.005649654383,0.02164842445,0.006409115278
WA,2023,0.0,3.07,0,1,1,0.06487850831,0.003572178249,4.774167784e-05,0.0003733578399,0.0008212080564,0.02886707591,0.004810390023,0.01724460122,0.00681208466
WI,2013,0.0,2.61,0,0,0,0.04961419674,0.002806570069,2.838261083e-05,0.0003196961563,0.0008417272438,0.0218866496,0.004241371991,0.01635848317,0.001286794442
WI,2014,0.0,1.74,0,0,0,0.04788875014,0.002910530066,2.760688901e-05,0.0002911745464,0.0008856776154,0.02092827904,0.003711303476,0.01549718792,0.001719787646
WI,2015,0.0,2.08,0,0,0,0.04590308659,0.003042533224,4.160966287e-05,0.0003129393395,0.0009074373978,0.01979423675,0.003398469215,0.01448917811,0.001906589428
WI,2016,0.0,2.94,0,0,0,0.04516416917,0.003068812526,4.018765556e-05,0.0003473114199,0.0008153590291,0.01938552035,0.003377495294,0.01428307388,0.001724951182
WI,2017,0.0,4.49,0,0,0,0.04266053597,0.003217858406,3.314887939e-05,0.0003758599501,0.0007544823069,0.01811240958,0.003033467765,0.0134439424,0.001634999416
WI,2018,0.0,2.24,0,0,0,0.03740155243,0.002990147408,3.013393587e-05,0.0004017284137,0.0006014733601,0.01571062881,0.002441709775,0.0117746202,0.001494298832
WI,2019,0.0,3.26,0,0,1,0.03540203149,0.002971029161,3.244868601e-05,0.0004048359873,0.0005140283911,0.01472998659,0.002158438521,0.01127754941,0.001293998658
WI,2020,0.0,3.22,0,0,1,0.03618077874,0.003233690318,5.28061406e-05,0.0003463259871,0.0005282328545,0.01485669905,0.002184939792,0.01106134342,0.00161041584
WI,2021,0.0,2.04,0,0,1,0.03725888382,0.003254025739,5.64616152e-05,0.0004494820752,0.0004578152654,0.01537541617,0.001780071465,0.01045526259,0.003140082118
WI,2022,0.0,2.38,0,0,1,0.03346333389,0.003035872991,5.464537443e-05,0.0004161194351,0.0003988094097,0.01369579395,0.001550604926,0.009878763637,0.00226642539
WI,2023,0.0,3.89,0,1,1,0.03010884028,0.002885658916,4.787720428e-05,0.000364746475,0.0003865703596,0.01216876122,0.001288962613,0.009198851962,0.001680946649
WV,2013,0.0,5.39,0,1,1,0.0493845743,0.00305190724,3.344851491e-05,0.0003776445232,0.0003522883909,0.0215413831,0.00534528848,0.015135453,0.001060641618
WV,2014,0.0,4.33,0,1,1,0.0479680606,0.003164298491,4.54360809e-05,0.0003212980007,0.0003542932499,0.02070695296,0.005067204832,0.01457957291,0.001060175221
WV,2015,0.0,5.97,0,0,1,0.04925170541,0.003474641958,4.616923033e-05,0.0003856488651,0.0004253000864,0.02101731998,0.005142165924,0.01465682954,0.001218324513
WV,2016,0.0,6.55,0,0,1,0.04829717434,0.003627291803,4.648270816e-05,0.0003740490868,0.0003937358809,0.02038786265,0.004991149146,0.01403066874,0.001366044764
WV,2017,0.0,6.6,0,0,1,0.04306325425,0.003612452726,5.393363301e-05,0.0004364221529,0.0003703809696,0.0179191744,0.004158943517,0.01206187178,0.001698359097
WV,2018,0.0,3.88,0,0,0,0.03691089741,0.002998961919,4.212180851e-05,0.0003968317749,0.0001845600294,0.01545648679,0.003278850252,0.0109644176,0.001213218932
WV,2019,0.0,7.25,0,0,0,0.03682134595,0.003188947803,5.570214503e-05,0.0004556435464,0.0001932864433,0.01522172517,0.002942187301,0.01104295025,0.00123658762
WV,2020,0.0,3.35,0,0,0,0.03510558963,0.003558968101,6.55540409e-05,0.0004661620686,0.0002067473598,0.01399382671,0.002732538953,0.009988867019,0.001272420743
WV,2021,0.0,3.36,0,0,0,0.03296507584,0.002915107369,6.048637768e-05,0.0005292558047,0.0001176124011,0.01356743055,0.002150066703,0.01030956704,0.001107796806
WV,2022,0.0,7.89,0,0,0,0.03253347875,0.002936643315,5.351642335e-05,0.0005120676718,0.0001182994621,0.01333009606,0.002006020879,0.01038105947,0.0009430157124
WV,2023,0.0,8.47,0,0,0,0.02921012773,0.002654695772,4.91505708e-05,0.0004649531008,0.0001124248688,0.01195036809,0.001782979327,0.009239742361,0.0009276464051
WY,2013,0.0,1.72,0,0,0,0.04832799804,0.002078107345,2.914837035e-05,0.0003497804442,0.0001268811415,0.02196243975,0.0033537772,0.01761761796,0.0009910445919
WY,2014,0.0,5.15,0,0,0,0.04341062187,0.001954462061,2.738300611e-05,0.0002977901914,9.070620773e-05,0.01964217257,0.002890618582,0.01571955694,0.001031997043
WY,2015,0.0,10.25,0,0,0,0.04266607565,0.002216330949,2.727791938e-05,0.0002915327633,0.0001005873277,0.01901100494,0.003003980871,0.01499774105,0.001009283017
WY,2016,0.0,3.42,0,0,0,0.04433844523,0.002446530235,3.419329469e-05,0.0003521909354,0.0001008702193,0.01959275786,0.003027816245,0.01519720983,0.001367731788
WY,2017,0.0,1.73,0,0,0,0.04106167542,0.002345690528,2.418237657e-05,0.000437010091,0.000169276636,0.01818514718,0.002687698425,0.01418296386,0.001314484898
WY,2018,0.0,6.93,0,0,0,0.03996876737,0.002138154193,2.423818518e-05,0.0004518690238,0.0001298474206,0.01784622949,0.002685244659,0.01380537776,0.001355607071
WY,2019,0.0,3.46,0,0,0,0.03566183315,0.002149570086,2.240931124e-05,0.0005567851947,0.0001154941426,0.01568134649,0.002402967682,0.01203380014,0.00124457867
WY,2020,0.0,6.92,0,0,0,0.03689673174,0.00234232254,3.091041475e-05,0.0005718426729,0.0001133381874,0.01610604333,0.002103625448,0.01234699345,0.001655424434
WY,2021,0.0,5.18,0,0,0,0.03819266484,0.002238201983,3.106217094e-05,0.0007006245222,0.0001207973314,0.01685813044,0.002700683195,0.01191924526,0.002238201983
WY,2022,0.0,18.91,0,0,0,0.03707723507,0.002043410431,2.580063676e-05,0.0006415758341,8.256203763e-05,0.0164952071,0.00216209336,0.01271111371,0.001622000031
WY,2023,0.0,1.71,0,0,0,0.03321936044,0.001910772407,3.08189098e-05,0.0005376187598,0.0001147148309,0.01469890781,0.002028911562,0.01135334394,0.001316652313
